,1,2,3,4,5,6,7,8,9,10,11,12,13,14,15,16,17,18,19,20,21,22,23,24,25,26,27,28,29,30,31,32,33,34,35,36,37,38,39,40,41,42,43,44,45,46,47,48,49,50,51,52,53,54,55,56,57,58,59,60,61,62,63,64,65,66,67,68,69,70,71,72,73,74,75,76,77,78,79,80,81,82,83,84,85,86,87,88,89,90,91,92,93,94,95,96,97,98,99,100,101,102,103,104,105,106,107,108,109,110,111,112,113,114,115,116,117,118,119,120,121,122,123,124,125,126,127,128,129,130,131,132,133,134,135,136,137,138,139,140,141,142,143,144,145,146,147,148,149,150,151,152,153,154,155,156,157,158,159,160,161,162,163,164,165,166,167,168,169,170,171,172,173,174,175,176,177,178,179,180,181,182,183,184,185,186,187,188,189,190,191,192,193,194,195,196,197,198,199,200,201,202,203,204
0,0.0,1.0,5.0,3.0,1.0,1.0,1.0,4.0,6.0,2.0,3.0,0.0,4.0,2.0,7.0,5.0,2.0,0.0,3.0,14.0,4.0,0.0,6.0,0.0,3.0,2.0,5.0,2.0,2.0,2.0,3.0,4.0,3.0,1.0,5.0,0.0,4.0,4.0,10.0,1.0,5.0,0.0,0.0,1.0,5.0,2.0,0.0,0.0,3.0,3.0,4.0,2.0,0.0,1.0,0.0,3.0,9.0,3.0,0.0,1.0,3.0,1.0,6.0,1.0,0.0,3.0,3.0,5.0,6.0,3.0,0.0,2.0,0.0,0.0,2.0,0.0,0.0,0.0,4.0,4.0,6.0,3.0,2.0,0.0,4.0,6.0,1.0,2.0,0.0,0.0,0.0,1.0,4.0,2.0,1.0,1.0,3.0,2.0,2.0,2.0,0.0,0.0,0.0,5.0,2.0,1.0,0.0,0.0,3.0,1.0,1.0,1.0,0.0,0.0,5.0,4.0,2.0,1.0,1.0,0.0,0.0,2.0,3.0,2.0,0.0,1.0,3.0,1.0,8.0,1.0,0.0,0.0,3.0,5.0,3.0,0.0,0.0,0.0,4.0,6.0,6.0,2.0,0.0,1.0,2.0,6.0,2.0,2.0,2.0,1.0,4.0,3.0,9.0,2.0,0.0,0.0,4.0,1.0,8.0,3.0,1.0,0.0,6.0,3.0,5.0,1.0,3.0,1.0,0.0,0.0,0.0,0.0,4.0,0.0,2.0,2.0,7.0,0.0,0.0,1.0,1.0,4.0,4.0,0.0,0.0,2.0,4.0,4.0,6.0,3.0,0.0,0.0,3.0,0.0,7.0,0.0,1.0,1.0,2.0,1.0,2.0,1.0,1.0,1.0
1,1.0,2.0,3.0,0.0,3.0,0.0,1.0,2.0,4.0,2.0,1.0,0.0,1.0,0.0,3.0,1.0,0.0,0.0,1.0,1.0,4.0,1.0,2.0,0.0,0.0,1.0,6.0,1.0,0.0,1.0,0.0,0.0,4.0,1.0,0.0,1.0,0.0,1.0,2.0,2.0,1.0,1.0,1.0,3.0,2.0,3.0,0.0,0.0,0.0,1.0,3.0,3.0,1.0,0.0,0.0,1.0,6.0,1.0,1.0,0.0,0.0,0.0,0.0,2.0,0.0,0.0,0.0,1.0,1.0,0.0,1.0,0.0,0.0,0.0,0.0,0.0,0.0,0.0,2.0,0.0,1.0,1.0,0.0,0.0,4.0,0.0,6.0,2.0,2.0,2.0,1.0,0.0,2.0,0.0,0.0,0.0,1.0,1.0,2.0,1.0,1.0,0.0,0.0,4.0,1.0,0.0,2.0,0.0,0.0,0.0,0.0,0.0,1.0,0.0,1.0,0.0,1.0,1.0,0.0,0.0,1.0,2.0,2.0,1.0,0.0,0.0,0.0,1.0,0.0,1.0,0.0,0.0,1.0,1.0,0.0,0.0,0.0,0.0,0.0,1.0,0.0,2.0,0.0,0.0,0.0,1.0,2.0,1.0,0.0,0.0,1.0,0.0,2.0,3.0,2.0,0.0,0.0,0.0,2.0,3.0,2.0,0.0,0.0,6.0,2.0,3.0,1.0,1.0,0.0,0.0,0.0,1.0,0.0,0.0,0.0,0.0,2.0,0.0,0.0,0.0,2.0,0.0,1.0,0.0,1.0,0.0,1.0,0.0,0.0,0.0,1.0,0.0,2.0,0.0,0.0,0.0,2.0,0.0,0.0,0.0,0.0,0.0,1.0,0.0
2,0.0,0.0,2.0,5.0,1.0,0.0,0.0,4.0,4.0,0.0,1.0,0.0,0.0,0.0,1.0,1.0,0.0,0.0,0.0,1.0,2.0,3.0,1.0,0.0,0.0,6.0,4.0,3.0,3.0,0.0,0.0,0.0,4.0,1.0,1.0,0.0,0.0,1.0,1.0,0.0,0.0,0.0,0.0,2.0,4.0,1.0,3.0,0.0,0.0,4.0,6.0,2.0,1.0,0.0,0.0,0.0,11.0,1.0,0.0,0.0,0.0,1.0,10.0,0.0,0.0,0.0,1.0,5.0,9.0,0.0,0.0,1.0,0.0,1.0,3.0,1.0,0.0,0.0,1.0,5.0,5.0,0.0,0.0,0.0,3.0,12.0,16.0,3.0,2.0,0.0,2.0,1.0,4.0,0.0,0.0,0.0,1.0,6.0,5.0,0.0,0.0,0.0,0.0,6.0,6.0,2.0,0.0,0.0,0.0,1.0,0.0,0.0,0.0,0.0,0.0,3.0,1.0,0.0,0.0,0.0,1.0,1.0,1.0,0.0,0.0,0.0,4.0,0.0,4.0,0.0,0.0,0.0,1.0,2.0,2.0,0.0,0.0,0.0,0.0,4.0,3.0,0.0,0.0,0.0,1.0,5.0,4.0,1.0,1.0,0.0,0.0,1.0,1.0,0.0,0.0,0.0,0.0,3.0,0.0,0.0,0.0,0.0,0.0,2.0,5.0,1.0,0.0,0.0,0.0,0.0,0.0,0.0,0.0,0.0,0.0,0.0,1.0,1.0,0.0,0.0,0.0,1.0,3.0,1.0,0.0,0.0,0.0,5.0,3.0,2.0,0.0,0.0,1.0,2.0,2.0,1.0,0.0,0.0,1.0,0.0,1.0,1.0,0.0,0.0
3,0.0,2.0,7.0,5.0,4.0,0.0,4.0,4.0,4.0,2.0,1.0,1.0,3.0,13.0,7.0,2.0,3.0,0.0,2.0,7.0,7.0,6.0,1.0,0.0,8.0,20.0,9.0,0.0,3.0,1.0,10.0,17.0,11.0,1.0,2.0,0.0,5.0,8.0,13.0,1.0,2.0,0.0,4.0,6.0,28.0,5.0,1.0,0.0,5.0,5.0,18.0,1.0,0.0,1.0,1.0,5.0,8.0,1.0,2.0,0.0,1.0,6.0,10.0,2.0,1.0,1.0,0.0,4.0,8.0,0.0,0.0,0.0,0.0,2.0,7.0,2.0,0.0,0.0,0.0,2.0,13.0,1.0,1.0,0.0,5.0,4.0,8.0,3.0,6.0,0.0,6.0,0.0,10.0,2.0,0.0,0.0,8.0,2.0,10.0,2.0,2.0,2.0,3.0,4.0,3.0,6.0,1.0,0.0,0.0,0.0,5.0,1.0,1.0,0.0,0.0,1.0,1.0,1.0,0.0,0.0,1.0,2.0,1.0,0.0,0.0,0.0,6.0,6.0,3.0,2.0,0.0,0.0,2.0,1.0,5.0,0.0,0.0,0.0,6.0,1.0,8.0,0.0,1.0,0.0,3.0,3.0,3.0,2.0,1.0,0.0,4.0,3.0,2.0,3.0,0.0,2.0,1.0,2.0,5.0,3.0,1.0,0.0,2.0,1.0,7.0,2.0,0.0,2.0,0.0,0.0,0.0,1.0,0.0,0.0,3.0,2.0,5.0,0.0,0.0,0.0,2.0,3.0,1.0,2.0,4.0,0.0,6.0,3.0,6.0,6.0,1.0,0.0,3.0,4.0,2.0,0.0,0.0,1.0,3.0,0.0,5.0,1.0,0.0,0.0
4,0.0,0.0,1.0,6.0,0.0,0.0,1.0,3.0,3.0,1.0,0.0,0.0,2.0,3.0,1.0,3.0,0.0,1.0,1.0,1.0,3.0,0.0,0.0,0.0,0.0,1.0,1.0,0.0,0.0,0.0,0.0,3.0,2.0,0.0,0.0,0.0,0.0,0.0,1.0,1.0,0.0,0.0,0.0,2.0,5.0,0.0,0.0,0.0,0.0,0.0,8.0,0.0,0.0,0.0,1.0,0.0,3.0,0.0,0.0,0.0,0.0,3.0,1.0,1.0,0.0,0.0,0.0,1.0,3.0,0.0,0.0,0.0,0.0,0.0,0.0,0.0,0.0,0.0,0.0,0.0,3.0,0.0,0.0,0.0,3.0,6.0,16.0,1.0,0.0,0.0,0.0,0.0,3.0,0.0,0.0,0.0,1.0,1.0,1.0,1.0,0.0,0.0,0.0,1.0,3.0,0.0,0.0,0.0,0.0,2.0,2.0,0.0,0.0,0.0,1.0,2.0,1.0,0.0,0.0,0.0,0.0,1.0,1.0,0.0,0.0,0.0,1.0,2.0,0.0,0.0,0.0,0.0,0.0,3.0,5.0,0.0,0.0,0.0,1.0,2.0,2.0,0.0,0.0,0.0,1.0,3.0,1.0,0.0,1.0,0.0,1.0,1.0,6.0,1.0,0.0,0.0,0.0,5.0,4.0,1.0,0.0,0.0,0.0,0.0,4.0,0.0,1.0,0.0,0.0,0.0,0.0,0.0,0.0,1.0,0.0,0.0,3.0,0.0,1.0,0.0,0.0,0.0,0.0,2.0,0.0,0.0,0.0,3.0,4.0,1.0,0.0,0.0,3.0,2.0,0.0,1.0,0.0,0.0,1.0,0.0,3.0,0.0,0.0,0.0
5,1.0,0.0,1.0,3.0,0.0,0.0,3.0,0.0,2.0,0.0,1.0,0.0,4.0,2.0,0.0,1.0,0.0,0.0,1.0,1.0,3.0,0.0,0.0,0.0,2.0,1.0,0.0,0.0,0.0,0.0,3.0,0.0,2.0,0.0,0.0,0.0,1.0,1.0,1.0,0.0,0.0,0.0,3.0,1.0,3.0,0.0,1.0,0.0,1.0,3.0,3.0,2.0,0.0,0.0,0.0,2.0,3.0,0.0,0.0,0.0,0.0,2.0,2.0,0.0,1.0,0.0,0.0,2.0,2.0,0.0,0.0,0.0,0.0,0.0,0.0,0.0,0.0,0.0,0.0,0.0,1.0,0.0,1.0,0.0,2.0,0.0,9.0,0.0,0.0,0.0,1.0,0.0,1.0,1.0,0.0,0.0,2.0,0.0,2.0,2.0,0.0,0.0,3.0,0.0,3.0,1.0,1.0,0.0,2.0,0.0,3.0,0.0,0.0,0.0,3.0,2.0,3.0,0.0,0.0,0.0,0.0,0.0,1.0,1.0,0.0,0.0,2.0,1.0,0.0,0.0,0.0,0.0,4.0,0.0,1.0,0.0,0.0,0.0,0.0,2.0,1.0,0.0,0.0,0.0,0.0,2.0,0.0,1.0,0.0,0.0,1.0,0.0,1.0,0.0,0.0,0.0,0.0,0.0,1.0,0.0,0.0,0.0,0.0,0.0,2.0,0.0,0.0,0.0,0.0,0.0,0.0,1.0,0.0,0.0,1.0,0.0,2.0,1.0,0.0,0.0,1.0,1.0,1.0,1.0,0.0,0.0,0.0,1.0,2.0,1.0,0.0,0.0,0.0,0.0,0.0,0.0,0.0,0.0,0.0,0.0,4.0,0.0,0.0,0.0
6,4.0,4.0,25.0,5.0,0.0,0.0,1.0,6.0,14.0,12.0,1.0,1.0,2.0,12.0,11.0,4.0,5.0,0.0,2.0,8.0,21.0,4.0,0.0,0.0,1.0,3.0,7.0,0.0,0.0,1.0,4.0,0.0,12.0,2.0,0.0,0.0,1.0,2.0,3.0,1.0,2.0,0.0,5.0,2.0,5.0,2.0,0.0,0.0,2.0,2.0,2.0,4.0,2.0,0.0,1.0,3.0,9.0,2.0,1.0,0.0,1.0,6.0,2.0,1.0,1.0,1.0,3.0,5.0,3.0,1.0,3.0,0.0,0.0,0.0,0.0,0.0,0.0,0.0,2.0,3.0,9.0,1.0,2.0,0.0,4.0,13.0,9.0,3.0,2.0,0.0,4.0,3.0,2.0,0.0,1.0,0.0,1.0,2.0,8.0,1.0,2.0,0.0,7.0,4.0,6.0,3.0,2.0,0.0,2.0,1.0,4.0,1.0,1.0,0.0,5.0,4.0,4.0,4.0,0.0,0.0,1.0,0.0,1.0,1.0,0.0,0.0,4.0,11.0,11.0,6.0,0.0,0.0,4.0,6.0,8.0,0.0,0.0,0.0,1.0,7.0,11.0,3.0,1.0,1.0,2.0,4.0,8.0,2.0,0.0,0.0,1.0,7.0,7.0,1.0,0.0,0.0,5.0,3.0,3.0,1.0,0.0,0.0,3.0,4.0,7.0,5.0,0.0,0.0,0.0,0.0,0.0,4.0,0.0,0.0,2.0,2.0,3.0,5.0,0.0,0.0,1.0,4.0,5.0,2.0,0.0,0.0,1.0,2.0,1.0,1.0,1.0,0.0,0.0,3.0,3.0,2.0,1.0,2.0,0.0,4.0,4.0,0.0,2.0,1.0
7,0.0,1.0,1.0,0.0,1.0,0.0,0.0,2.0,1.0,0.0,0.0,0.0,0.0,0.0,0.0,0.0,0.0,0.0,0.0,0.0,2.0,1.0,0.0,0.0,3.0,0.0,1.0,0.0,0.0,0.0,3.0,2.0,1.0,0.0,0.0,0.0,1.0,1.0,1.0,0.0,0.0,0.0,5.0,1.0,3.0,0.0,1.0,0.0,1.0,0.0,3.0,0.0,0.0,0.0,0.0,2.0,2.0,2.0,0.0,0.0,0.0,0.0,1.0,0.0,1.0,0.0,0.0,0.0,1.0,0.0,0.0,0.0,0.0,0.0,0.0,0.0,0.0,0.0,0.0,0.0,1.0,0.0,0.0,0.0,4.0,0.0,2.0,0.0,0.0,0.0,2.0,0.0,1.0,0.0,0.0,0.0,1.0,0.0,0.0,0.0,0.0,0.0,1.0,0.0,1.0,0.0,0.0,0.0,0.0,0.0,0.0,0.0,0.0,0.0,0.0,3.0,0.0,1.0,0.0,0.0,0.0,0.0,0.0,0.0,0.0,0.0,0.0,0.0,0.0,0.0,0.0,0.0,2.0,0.0,0.0,0.0,0.0,0.0,0.0,0.0,2.0,0.0,0.0,0.0,0.0,0.0,1.0,1.0,0.0,0.0,2.0,0.0,0.0,0.0,0.0,0.0,1.0,0.0,0.0,1.0,0.0,0.0,2.0,1.0,0.0,0.0,0.0,0.0,0.0,0.0,0.0,0.0,0.0,0.0,1.0,1.0,1.0,0.0,0.0,0.0,2.0,0.0,2.0,0.0,0.0,0.0,1.0,0.0,1.0,0.0,0.0,0.0,1.0,0.0,0.0,0.0,0.0,0.0,1.0,0.0,0.0,0.0,0.0,0.0
8,3.0,0.0,5.0,9.0,1.0,0.0,0.0,3.0,2.0,6.0,3.0,0.0,3.0,1.0,4.0,7.0,0.0,0.0,1.0,1.0,3.0,5.0,1.0,0.0,4.0,9.0,7.0,3.0,1.0,0.0,3.0,8.0,9.0,0.0,0.0,0.0,2.0,11.0,8.0,1.0,0.0,0.0,0.0,3.0,22.0,2.0,1.0,0.0,0.0,1.0,10.0,1.0,0.0,0.0,0.0,1.0,12.0,1.0,0.0,0.0,0.0,0.0,6.0,2.0,0.0,0.0,2.0,0.0,4.0,0.0,0.0,0.0,0.0,4.0,3.0,0.0,0.0,0.0,0.0,4.0,2.0,1.0,0.0,0.0,1.0,0.0,6.0,0.0,0.0,0.0,1.0,0.0,7.0,1.0,0.0,0.0,1.0,1.0,6.0,0.0,0.0,0.0,0.0,1.0,1.0,0.0,0.0,0.0,1.0,1.0,2.0,1.0,0.0,0.0,2.0,1.0,0.0,0.0,0.0,0.0,2.0,0.0,2.0,1.0,0.0,0.0,1.0,1.0,4.0,2.0,0.0,0.0,3.0,1.0,5.0,0.0,0.0,0.0,0.0,1.0,4.0,1.0,0.0,0.0,1.0,0.0,4.0,0.0,0.0,0.0,2.0,0.0,6.0,2.0,0.0,0.0,1.0,0.0,1.0,2.0,0.0,0.0,0.0,3.0,1.0,0.0,0.0,0.0,0.0,0.0,1.0,1.0,0.0,1.0,2.0,2.0,6.0,4.0,0.0,0.0,1.0,1.0,2.0,0.0,1.0,0.0,2.0,0.0,0.0,0.0,0.0,0.0,1.0,3.0,2.0,0.0,1.0,0.0,2.0,0.0,5.0,1.0,0.0,0.0
9,2.0,2.0,1.0,2.0,0.0,0.0,1.0,0.0,1.0,4.0,0.0,0.0,1.0,0.0,0.0,0.0,0.0,0.0,1.0,1.0,1.0,0.0,0.0,0.0,2.0,3.0,4.0,0.0,0.0,1.0,0.0,5.0,3.0,2.0,0.0,0.0,1.0,5.0,1.0,0.0,1.0,0.0,0.0,0.0,6.0,4.0,1.0,0.0,0.0,0.0,3.0,6.0,0.0,0.0,0.0,0.0,4.0,7.0,1.0,0.0,0.0,0.0,3.0,0.0,0.0,0.0,1.0,0.0,2.0,0.0,0.0,0.0,0.0,0.0,4.0,1.0,0.0,0.0,0.0,2.0,0.0,0.0,2.0,0.0,0.0,0.0,3.0,0.0,0.0,0.0,2.0,0.0,1.0,0.0,0.0,0.0,0.0,0.0,2.0,2.0,1.0,0.0,2.0,2.0,0.0,0.0,0.0,1.0,0.0,0.0,0.0,0.0,0.0,2.0,1.0,2.0,1.0,2.0,0.0,0.0,1.0,3.0,0.0,0.0,0.0,0.0,0.0,3.0,1.0,0.0,0.0,1.0,1.0,1.0,1.0,0.0,0.0,0.0,0.0,1.0,1.0,1.0,0.0,0.0,1.0,0.0,4.0,0.0,0.0,1.0,0.0,1.0,1.0,0.0,0.0,1.0,1.0,1.0,1.0,0.0,0.0,1.0,0.0,1.0,0.0,0.0,0.0,0.0,0.0,0.0,0.0,0.0,0.0,1.0,0.0,0.0,2.0,1.0,0.0,0.0,0.0,0.0,0.0,0.0,0.0,0.0,0.0,0.0,2.0,1.0,0.0,0.0,0.0,2.0,2.0,0.0,0.0,0.0,0.0,0.0,1.0,1.0,1.0,0.0
10,0.0,0.0,1.0,0.0,0.0,0.0,3.0,0.0,3.0,0.0,0.0,0.0,0.0,0.0,1.0,0.0,0.0,0.0,0.0,2.0,4.0,0.0,0.0,0.0,0.0,2.0,1.0,1.0,0.0,0.0,0.0,0.0,1.0,0.0,0.0,0.0,0.0,1.0,0.0,0.0,0.0,0.0,0.0,1.0,2.0,0.0,0.0,0.0,0.0,3.0,0.0,0.0,0.0,1.0,0.0,1.0,2.0,0.0,0.0,0.0,0.0,3.0,1.0,0.0,0.0,0.0,0.0,1.0,0.0,0.0,0.0,1.0,0.0,0.0,0.0,0.0,0.0,0.0,0.0,1.0,0.0,2.0,0.0,0.0,0.0,2.0,1.0,0.0,2.0,0.0,0.0,0.0,0.0,0.0,0.0,0.0,0.0,0.0,0.0,2.0,0.0,0.0,3.0,2.0,1.0,0.0,1.0,0.0,0.0,1.0,1.0,0.0,0.0,0.0,2.0,0.0,0.0,2.0,0.0,0.0,0.0,0.0,1.0,0.0,0.0,0.0,0.0,0.0,0.0,1.0,0.0,0.0,1.0,0.0,2.0,0.0,0.0,0.0,1.0,3.0,0.0,1.0,0.0,0.0,0.0,0.0,0.0,0.0,0.0,1.0,0.0,0.0,0.0,0.0,0.0,0.0,0.0,0.0,2.0,0.0,0.0,0.0,1.0,3.0,0.0,0.0,0.0,0.0,0.0,0.0,0.0,0.0,0.0,0.0,0.0,0.0,0.0,0.0,0.0,0.0,1.0,1.0,0.0,0.0,0.0,0.0,1.0,2.0,0.0,0.0,0.0,0.0,0.0,0.0,0.0,2.0,0.0,0.0,2.0,1.0,1.0,0.0,1.0,0.0
11,1.0,5.0,8.0,1.0,0.0,0.0,3.0,2.0,2.0,2.0,0.0,0.0,2.0,3.0,6.0,4.0,2.0,0.0,0.0,4.0,8.0,1.0,2.0,0.0,0.0,5.0,1.0,2.0,0.0,0.0,3.0,3.0,1.0,0.0,0.0,0.0,2.0,5.0,3.0,0.0,0.0,0.0,2.0,2.0,4.0,0.0,0.0,0.0,1.0,3.0,2.0,2.0,0.0,0.0,0.0,1.0,2.0,0.0,0.0,0.0,0.0,2.0,0.0,0.0,0.0,0.0,0.0,2.0,2.0,0.0,0.0,0.0,0.0,0.0,2.0,0.0,0.0,0.0,2.0,4.0,1.0,1.0,0.0,0.0,2.0,0.0,3.0,3.0,0.0,0.0,0.0,0.0,2.0,1.0,0.0,0.0,2.0,2.0,2.0,1.0,0.0,0.0,0.0,2.0,2.0,0.0,0.0,0.0,0.0,3.0,0.0,1.0,0.0,0.0,0.0,9.0,0.0,1.0,1.0,0.0,0.0,0.0,3.0,1.0,0.0,0.0,2.0,6.0,1.0,1.0,0.0,0.0,0.0,1.0,1.0,0.0,0.0,0.0,0.0,3.0,8.0,1.0,1.0,0.0,1.0,0.0,2.0,0.0,0.0,0.0,2.0,0.0,3.0,1.0,0.0,0.0,0.0,4.0,2.0,0.0,0.0,0.0,0.0,0.0,2.0,0.0,2.0,0.0,0.0,0.0,0.0,0.0,0.0,1.0,1.0,1.0,4.0,1.0,0.0,0.0,3.0,1.0,3.0,2.0,3.0,0.0,1.0,5.0,3.0,0.0,0.0,0.0,2.0,0.0,2.0,0.0,0.0,1.0,3.0,2.0,5.0,0.0,1.0,0.0
12,0.0,0.0,0.0,1.0,2.0,0.0,0.0,0.0,1.0,0.0,1.0,0.0,0.0,0.0,0.0,1.0,0.0,0.0,0.0,1.0,1.0,0.0,0.0,0.0,0.0,1.0,4.0,2.0,3.0,0.0,0.0,1.0,7.0,1.0,2.0,0.0,0.0,3.0,4.0,1.0,2.0,0.0,1.0,0.0,5.0,10.0,0.0,0.0,0.0,0.0,3.0,6.0,0.0,0.0,0.0,0.0,1.0,1.0,4.0,0.0,0.0,1.0,7.0,2.0,1.0,0.0,0.0,2.0,2.0,0.0,0.0,0.0,0.0,1.0,0.0,0.0,1.0,0.0,0.0,1.0,5.0,1.0,0.0,0.0,0.0,0.0,4.0,1.0,0.0,0.0,3.0,0.0,3.0,1.0,0.0,0.0,0.0,0.0,4.0,1.0,0.0,0.0,0.0,0.0,3.0,0.0,0.0,0.0,0.0,0.0,2.0,0.0,0.0,0.0,1.0,0.0,3.0,0.0,0.0,1.0,1.0,1.0,1.0,0.0,0.0,0.0,0.0,0.0,4.0,0.0,0.0,0.0,0.0,0.0,0.0,0.0,0.0,0.0,0.0,1.0,0.0,1.0,1.0,0.0,0.0,0.0,0.0,0.0,0.0,1.0,0.0,0.0,0.0,0.0,0.0,0.0,0.0,1.0,3.0,2.0,0.0,0.0,0.0,0.0,0.0,2.0,0.0,0.0,0.0,0.0,0.0,1.0,2.0,0.0,1.0,1.0,1.0,1.0,0.0,0.0,0.0,0.0,2.0,1.0,0.0,1.0,0.0,0.0,2.0,1.0,0.0,0.0,0.0,0.0,4.0,2.0,1.0,0.0,0.0,1.0,4.0,0.0,0.0,0.0
13,3.0,1.0,3.0,2.0,0.0,0.0,0.0,1.0,3.0,1.0,0.0,1.0,0.0,0.0,1.0,4.0,1.0,0.0,0.0,0.0,4.0,6.0,0.0,0.0,1.0,5.0,4.0,0.0,0.0,1.0,2.0,9.0,2.0,0.0,0.0,0.0,1.0,1.0,2.0,2.0,0.0,0.0,0.0,2.0,6.0,1.0,2.0,0.0,1.0,1.0,4.0,1.0,0.0,0.0,1.0,1.0,6.0,1.0,1.0,1.0,0.0,0.0,13.0,4.0,1.0,0.0,0.0,0.0,1.0,0.0,0.0,0.0,0.0,1.0,2.0,0.0,0.0,0.0,0.0,1.0,5.0,1.0,0.0,0.0,0.0,0.0,20.0,0.0,0.0,0.0,1.0,2.0,9.0,2.0,0.0,0.0,0.0,0.0,8.0,2.0,0.0,0.0,2.0,2.0,2.0,2.0,0.0,0.0,0.0,0.0,2.0,1.0,0.0,0.0,0.0,0.0,0.0,2.0,0.0,0.0,0.0,0.0,1.0,0.0,0.0,0.0,1.0,1.0,1.0,0.0,0.0,0.0,0.0,0.0,5.0,0.0,0.0,0.0,0.0,2.0,2.0,0.0,0.0,0.0,1.0,1.0,2.0,0.0,1.0,0.0,0.0,0.0,2.0,0.0,0.0,0.0,0.0,1.0,1.0,0.0,1.0,0.0,0.0,0.0,6.0,1.0,1.0,0.0,0.0,0.0,0.0,1.0,0.0,0.0,0.0,1.0,0.0,1.0,0.0,0.0,2.0,1.0,1.0,0.0,0.0,0.0,1.0,1.0,6.0,0.0,0.0,0.0,0.0,2.0,5.0,0.0,0.0,0.0,0.0,0.0,6.0,2.0,1.0,0.0
14,0.0,0.0,1.0,0.0,0.0,0.0,0.0,1.0,1.0,1.0,1.0,0.0,0.0,3.0,2.0,0.0,1.0,0.0,0.0,2.0,1.0,0.0,0.0,0.0,0.0,1.0,3.0,1.0,2.0,0.0,1.0,5.0,0.0,1.0,1.0,0.0,0.0,0.0,0.0,0.0,1.0,0.0,2.0,1.0,3.0,1.0,1.0,0.0,0.0,0.0,1.0,0.0,0.0,0.0,2.0,0.0,3.0,0.0,1.0,0.0,1.0,1.0,2.0,1.0,0.0,0.0,0.0,1.0,1.0,0.0,0.0,0.0,0.0,0.0,0.0,0.0,0.0,0.0,1.0,1.0,2.0,0.0,0.0,0.0,0.0,0.0,4.0,0.0,0.0,0.0,0.0,1.0,3.0,0.0,0.0,0.0,0.0,1.0,1.0,0.0,0.0,0.0,0.0,1.0,0.0,0.0,0.0,1.0,0.0,0.0,0.0,2.0,0.0,0.0,0.0,1.0,0.0,2.0,1.0,0.0,0.0,0.0,2.0,1.0,1.0,0.0,0.0,1.0,1.0,0.0,0.0,0.0,0.0,1.0,0.0,0.0,0.0,0.0,0.0,0.0,1.0,0.0,1.0,0.0,0.0,1.0,1.0,2.0,0.0,0.0,0.0,1.0,1.0,1.0,0.0,0.0,0.0,2.0,2.0,0.0,0.0,0.0,0.0,0.0,1.0,0.0,0.0,0.0,0.0,0.0,0.0,1.0,2.0,0.0,0.0,1.0,1.0,1.0,0.0,0.0,0.0,1.0,2.0,1.0,0.0,0.0,0.0,0.0,1.0,0.0,0.0,0.0,0.0,5.0,1.0,2.0,0.0,0.0,0.0,1.0,2.0,0.0,0.0,0.0
15,0.0,0.0,2.0,0.0,2.0,0.0,0.0,0.0,2.0,0.0,0.0,0.0,0.0,0.0,2.0,2.0,0.0,0.0,0.0,0.0,0.0,3.0,0.0,0.0,0.0,0.0,2.0,1.0,0.0,0.0,0.0,0.0,0.0,1.0,0.0,0.0,0.0,2.0,1.0,0.0,0.0,0.0,0.0,0.0,6.0,0.0,0.0,0.0,0.0,0.0,4.0,3.0,1.0,0.0,0.0,0.0,1.0,0.0,0.0,0.0,0.0,0.0,2.0,0.0,0.0,0.0,0.0,0.0,3.0,1.0,0.0,0.0,0.0,0.0,0.0,0.0,0.0,0.0,0.0,0.0,0.0,0.0,0.0,0.0,0.0,0.0,3.0,2.0,0.0,0.0,0.0,0.0,0.0,2.0,0.0,0.0,0.0,0.0,1.0,3.0,0.0,0.0,1.0,0.0,0.0,0.0,0.0,0.0,0.0,0.0,1.0,1.0,0.0,0.0,0.0,3.0,2.0,1.0,0.0,0.0,0.0,1.0,2.0,0.0,0.0,0.0,0.0,1.0,3.0,0.0,0.0,0.0,0.0,1.0,1.0,0.0,0.0,0.0,0.0,0.0,2.0,1.0,0.0,0.0,1.0,1.0,1.0,0.0,0.0,0.0,0.0,2.0,2.0,0.0,0.0,0.0,0.0,0.0,2.0,0.0,0.0,0.0,1.0,1.0,0.0,2.0,0.0,0.0,0.0,0.0,0.0,0.0,0.0,0.0,0.0,1.0,0.0,0.0,0.0,0.0,1.0,1.0,0.0,1.0,1.0,0.0,1.0,0.0,1.0,1.0,0.0,1.0,0.0,0.0,1.0,0.0,0.0,0.0,0.0,0.0,1.0,1.0,0.0,0.0
16,5.0,2.0,0.0,1.0,2.0,0.0,0.0,3.0,0.0,0.0,0.0,0.0,4.0,0.0,2.0,0.0,0.0,0.0,5.0,1.0,2.0,1.0,0.0,0.0,1.0,5.0,2.0,0.0,1.0,0.0,4.0,2.0,2.0,0.0,0.0,0.0,2.0,3.0,3.0,0.0,2.0,1.0,2.0,0.0,5.0,1.0,0.0,0.0,0.0,0.0,3.0,1.0,0.0,0.0,0.0,0.0,3.0,0.0,0.0,0.0,0.0,2.0,5.0,1.0,0.0,0.0,0.0,0.0,0.0,0.0,0.0,0.0,0.0,1.0,1.0,0.0,0.0,0.0,0.0,0.0,3.0,0.0,0.0,0.0,1.0,1.0,1.0,0.0,0.0,0.0,2.0,0.0,2.0,0.0,0.0,0.0,1.0,0.0,3.0,0.0,1.0,0.0,0.0,0.0,2.0,1.0,0.0,0.0,0.0,0.0,1.0,0.0,0.0,0.0,1.0,0.0,0.0,0.0,0.0,0.0,0.0,0.0,0.0,0.0,0.0,0.0,0.0,0.0,1.0,0.0,0.0,0.0,1.0,0.0,0.0,0.0,0.0,0.0,1.0,0.0,0.0,0.0,0.0,0.0,0.0,2.0,0.0,0.0,0.0,0.0,1.0,3.0,4.0,0.0,0.0,0.0,0.0,0.0,1.0,0.0,0.0,0.0,0.0,1.0,0.0,1.0,0.0,0.0,0.0,0.0,0.0,0.0,0.0,0.0,0.0,0.0,1.0,0.0,0.0,0.0,0.0,0.0,1.0,0.0,0.0,0.0,1.0,0.0,1.0,0.0,0.0,0.0,1.0,0.0,0.0,0.0,0.0,0.0,0.0,0.0,0.0,0.0,0.0,0.0
17,0.0,0.0,0.0,2.0,1.0,0.0,1.0,1.0,2.0,0.0,0.0,0.0,0.0,0.0,0.0,0.0,1.0,0.0,0.0,0.0,1.0,0.0,0.0,0.0,0.0,1.0,2.0,0.0,2.0,0.0,2.0,0.0,0.0,1.0,0.0,0.0,0.0,1.0,1.0,0.0,0.0,1.0,0.0,0.0,7.0,1.0,0.0,0.0,1.0,1.0,1.0,0.0,0.0,0.0,0.0,0.0,2.0,0.0,3.0,0.0,1.0,0.0,0.0,0.0,1.0,0.0,0.0,1.0,0.0,0.0,0.0,0.0,0.0,1.0,0.0,0.0,0.0,0.0,1.0,0.0,2.0,1.0,0.0,0.0,2.0,4.0,4.0,4.0,0.0,0.0,0.0,0.0,3.0,1.0,0.0,0.0,0.0,1.0,1.0,0.0,0.0,0.0,0.0,0.0,2.0,2.0,1.0,0.0,0.0,0.0,0.0,0.0,0.0,0.0,1.0,0.0,0.0,0.0,1.0,0.0,0.0,0.0,0.0,1.0,0.0,0.0,0.0,0.0,0.0,0.0,0.0,0.0,1.0,0.0,1.0,0.0,0.0,0.0,0.0,2.0,1.0,1.0,0.0,0.0,0.0,0.0,1.0,2.0,0.0,0.0,0.0,1.0,0.0,0.0,0.0,0.0,0.0,0.0,0.0,2.0,1.0,0.0,0.0,2.0,1.0,5.0,1.0,0.0,0.0,0.0,0.0,2.0,0.0,0.0,0.0,0.0,0.0,1.0,0.0,0.0,0.0,0.0,1.0,1.0,1.0,0.0,0.0,0.0,2.0,0.0,0.0,0.0,1.0,1.0,1.0,1.0,2.0,0.0,0.0,0.0,1.0,1.0,0.0,0.0
18,0.0,0.0,0.0,0.0,0.0,0.0,2.0,0.0,0.0,0.0,0.0,0.0,1.0,0.0,0.0,0.0,0.0,0.0,1.0,0.0,0.0,0.0,0.0,0.0,1.0,0.0,3.0,0.0,3.0,1.0,0.0,2.0,4.0,1.0,2.0,0.0,0.0,6.0,1.0,0.0,1.0,0.0,0.0,1.0,5.0,1.0,0.0,0.0,0.0,0.0,5.0,1.0,0.0,0.0,0.0,0.0,2.0,3.0,0.0,0.0,0.0,0.0,3.0,1.0,1.0,0.0,0.0,0.0,1.0,0.0,1.0,0.0,0.0,1.0,3.0,0.0,1.0,0.0,0.0,1.0,3.0,0.0,0.0,0.0,0.0,0.0,3.0,1.0,0.0,0.0,2.0,0.0,0.0,0.0,0.0,0.0,2.0,0.0,4.0,2.0,1.0,0.0,0.0,0.0,0.0,0.0,0.0,1.0,0.0,0.0,0.0,0.0,0.0,0.0,1.0,0.0,0.0,0.0,0.0,0.0,0.0,0.0,0.0,0.0,0.0,0.0,0.0,0.0,0.0,0.0,0.0,0.0,0.0,0.0,0.0,0.0,0.0,0.0,1.0,0.0,0.0,1.0,0.0,0.0,0.0,0.0,0.0,1.0,0.0,1.0,0.0,1.0,3.0,0.0,0.0,0.0,0.0,1.0,0.0,1.0,0.0,0.0,0.0,1.0,0.0,0.0,1.0,0.0,0.0,0.0,0.0,0.0,0.0,0.0,1.0,1.0,0.0,0.0,0.0,0.0,1.0,0.0,0.0,2.0,0.0,0.0,1.0,1.0,1.0,0.0,1.0,0.0,1.0,0.0,1.0,0.0,0.0,0.0,0.0,0.0,0.0,0.0,1.0,0.0
19,0.0,0.0,0.0,5.0,0.0,0.0,0.0,0.0,1.0,1.0,0.0,0.0,0.0,0.0,0.0,1.0,1.0,0.0,0.0,0.0,3.0,1.0,0.0,0.0,1.0,3.0,3.0,2.0,2.0,0.0,0.0,0.0,10.0,2.0,0.0,0.0,0.0,0.0,6.0,2.0,0.0,0.0,1.0,0.0,4.0,1.0,2.0,0.0,0.0,0.0,9.0,4.0,0.0,0.0,0.0,2.0,4.0,4.0,0.0,0.0,0.0,0.0,7.0,3.0,1.0,0.0,0.0,0.0,3.0,0.0,0.0,0.0,0.0,0.0,3.0,1.0,0.0,0.0,0.0,2.0,3.0,3.0,0.0,0.0,0.0,0.0,0.0,7.0,2.0,0.0,0.0,0.0,2.0,0.0,0.0,0.0,0.0,0.0,1.0,1.0,0.0,0.0,1.0,1.0,2.0,0.0,0.0,0.0,0.0,1.0,0.0,0.0,0.0,0.0,0.0,0.0,0.0,0.0,0.0,0.0,0.0,1.0,2.0,1.0,0.0,0.0,0.0,0.0,0.0,0.0,0.0,1.0,0.0,0.0,0.0,0.0,0.0,0.0,0.0,1.0,0.0,0.0,1.0,0.0,1.0,0.0,1.0,2.0,0.0,0.0,1.0,0.0,1.0,0.0,0.0,0.0,0.0,0.0,0.0,0.0,0.0,0.0,0.0,0.0,2.0,0.0,1.0,0.0,0.0,0.0,0.0,0.0,1.0,0.0,0.0,0.0,0.0,1.0,0.0,0.0,0.0,0.0,1.0,2.0,0.0,0.0,0.0,0.0,2.0,0.0,0.0,0.0,0.0,0.0,0.0,0.0,0.0,0.0,0.0,0.0,0.0,0.0,1.0,0.0
20,0.0,0.0,0.0,0.0,0.0,0.0,1.0,1.0,0.0,0.0,0.0,2.0,1.0,0.0,2.0,2.0,1.0,0.0,3.0,0.0,0.0,0.0,0.0,0.0,1.0,3.0,7.0,0.0,1.0,1.0,0.0,3.0,7.0,1.0,2.0,0.0,0.0,3.0,7.0,0.0,0.0,0.0,0.0,0.0,6.0,3.0,1.0,0.0,0.0,0.0,8.0,2.0,0.0,1.0,0.0,1.0,4.0,3.0,0.0,0.0,0.0,1.0,8.0,2.0,1.0,0.0,0.0,0.0,3.0,0.0,1.0,0.0,0.0,0.0,2.0,0.0,0.0,0.0,0.0,1.0,3.0,0.0,0.0,0.0,1.0,0.0,3.0,0.0,0.0,0.0,2.0,0.0,2.0,0.0,0.0,0.0,2.0,0.0,0.0,1.0,0.0,0.0,0.0,1.0,0.0,0.0,0.0,0.0,1.0,0.0,0.0,0.0,0.0,0.0,0.0,0.0,0.0,0.0,0.0,0.0,1.0,0.0,0.0,0.0,0.0,0.0,2.0,0.0,1.0,0.0,1.0,0.0,2.0,0.0,1.0,0.0,0.0,0.0,2.0,0.0,1.0,1.0,1.0,0.0,1.0,0.0,1.0,0.0,2.0,0.0,0.0,0.0,1.0,0.0,0.0,0.0,0.0,1.0,0.0,0.0,0.0,0.0,1.0,0.0,1.0,0.0,2.0,0.0,0.0,0.0,0.0,0.0,1.0,0.0,1.0,0.0,0.0,0.0,0.0,0.0,1.0,0.0,1.0,1.0,0.0,0.0,0.0,0.0,3.0,0.0,0.0,0.0,0.0,2.0,0.0,0.0,0.0,0.0,0.0,0.0,0.0,0.0,0.0,0.0
21,4.0,4.0,5.0,10.0,1.0,0.0,4.0,3.0,7.0,8.0,0.0,1.0,3.0,1.0,6.0,1.0,2.0,0.0,5.0,1.0,4.0,3.0,3.0,0.0,1.0,1.0,5.0,2.0,0.0,0.0,3.0,0.0,5.0,0.0,0.0,0.0,0.0,0.0,2.0,1.0,0.0,0.0,2.0,1.0,3.0,0.0,2.0,0.0,0.0,3.0,2.0,0.0,1.0,0.0,2.0,1.0,4.0,0.0,0.0,0.0,1.0,0.0,1.0,2.0,0.0,0.0,0.0,0.0,3.0,2.0,0.0,0.0,0.0,0.0,0.0,0.0,0.0,0.0,0.0,2.0,6.0,0.0,1.0,0.0,4.0,1.0,13.0,0.0,3.0,0.0,2.0,2.0,2.0,1.0,0.0,2.0,0.0,1.0,5.0,2.0,0.0,0.0,1.0,2.0,4.0,1.0,0.0,1.0,1.0,1.0,1.0,0.0,1.0,0.0,0.0,4.0,2.0,2.0,3.0,0.0,3.0,0.0,1.0,0.0,0.0,0.0,1.0,2.0,2.0,0.0,2.0,0.0,2.0,5.0,1.0,0.0,0.0,0.0,0.0,0.0,5.0,1.0,0.0,0.0,3.0,2.0,8.0,1.0,0.0,0.0,1.0,6.0,1.0,0.0,0.0,0.0,4.0,8.0,3.0,0.0,0.0,0.0,0.0,3.0,4.0,2.0,0.0,0.0,0.0,0.0,1.0,0.0,0.0,0.0,0.0,3.0,3.0,3.0,0.0,0.0,0.0,3.0,1.0,0.0,1.0,0.0,0.0,4.0,1.0,0.0,0.0,0.0,0.0,4.0,3.0,1.0,0.0,0.0,1.0,0.0,1.0,0.0,0.0,0.0
22,0.0,0.0,0.0,0.0,0.0,0.0,0.0,0.0,1.0,0.0,0.0,0.0,0.0,0.0,3.0,0.0,0.0,1.0,0.0,1.0,1.0,1.0,1.0,0.0,0.0,1.0,4.0,4.0,3.0,1.0,0.0,0.0,2.0,0.0,1.0,0.0,0.0,1.0,1.0,2.0,0.0,1.0,0.0,0.0,0.0,3.0,3.0,0.0,0.0,0.0,0.0,1.0,4.0,1.0,0.0,2.0,0.0,1.0,3.0,0.0,0.0,0.0,0.0,1.0,1.0,1.0,0.0,1.0,0.0,0.0,0.0,0.0,0.0,0.0,0.0,2.0,1.0,0.0,0.0,0.0,0.0,0.0,1.0,0.0,0.0,0.0,0.0,0.0,0.0,0.0,0.0,1.0,1.0,2.0,0.0,0.0,0.0,0.0,0.0,1.0,0.0,0.0,0.0,0.0,0.0,0.0,0.0,0.0,0.0,0.0,1.0,0.0,1.0,0.0,0.0,0.0,0.0,1.0,1.0,0.0,0.0,0.0,0.0,1.0,0.0,0.0,0.0,0.0,0.0,0.0,0.0,0.0,0.0,0.0,0.0,0.0,0.0,0.0,0.0,2.0,1.0,1.0,0.0,0.0,0.0,0.0,0.0,0.0,0.0,1.0,0.0,0.0,0.0,0.0,0.0,0.0,0.0,0.0,1.0,0.0,0.0,0.0,0.0,0.0,0.0,0.0,0.0,0.0,0.0,0.0,0.0,0.0,2.0,0.0,0.0,0.0,0.0,1.0,1.0,0.0,0.0,0.0,0.0,0.0,0.0,0.0,0.0,0.0,0.0,0.0,1.0,0.0,0.0,0.0,0.0,1.0,0.0,0.0,0.0,0.0,0.0,1.0,0.0,1.0
23,0.0,0.0,0.0,0.0,1.0,0.0,0.0,0.0,0.0,0.0,0.0,0.0,0.0,1.0,1.0,1.0,0.0,0.0,0.0,0.0,0.0,0.0,0.0,0.0,0.0,2.0,2.0,2.0,0.0,0.0,0.0,1.0,3.0,0.0,0.0,0.0,0.0,1.0,2.0,0.0,1.0,0.0,0.0,0.0,0.0,13.0,1.0,1.0,0.0,1.0,1.0,1.0,0.0,1.0,0.0,0.0,0.0,1.0,0.0,0.0,0.0,0.0,0.0,1.0,5.0,0.0,0.0,0.0,0.0,2.0,0.0,1.0,0.0,0.0,0.0,2.0,1.0,1.0,0.0,0.0,0.0,1.0,1.0,0.0,0.0,0.0,0.0,0.0,0.0,0.0,0.0,0.0,0.0,1.0,2.0,0.0,0.0,0.0,0.0,0.0,1.0,0.0,0.0,0.0,0.0,0.0,0.0,1.0,0.0,0.0,0.0,0.0,0.0,0.0,0.0,0.0,0.0,0.0,0.0,0.0,0.0,1.0,0.0,0.0,0.0,0.0,0.0,0.0,0.0,0.0,0.0,1.0,0.0,0.0,0.0,0.0,0.0,0.0,0.0,0.0,2.0,2.0,0.0,0.0,0.0,0.0,0.0,0.0,0.0,0.0,0.0,0.0,0.0,1.0,0.0,0.0,0.0,0.0,0.0,1.0,1.0,0.0,0.0,0.0,0.0,0.0,1.0,0.0,0.0,0.0,0.0,0.0,1.0,1.0,1.0,1.0,0.0,1.0,0.0,0.0,0.0,0.0,0.0,1.0,0.0,1.0,0.0,0.0,0.0,1.0,0.0,0.0,0.0,0.0,2.0,0.0,0.0,0.0,0.0,1.0,0.0,0.0,0.0,1.0
24,0.0,0.0,0.0,0.0,0.0,0.0,0.0,0.0,0.0,0.0,0.0,3.0,0.0,2.0,0.0,0.0,0.0,0.0,0.0,0.0,0.0,0.0,0.0,0.0,0.0,2.0,3.0,0.0,0.0,0.0,0.0,3.0,4.0,1.0,0.0,0.0,0.0,3.0,3.0,3.0,1.0,0.0,0.0,0.0,3.0,11.0,4.0,0.0,0.0,0.0,0.0,1.0,1.0,0.0,0.0,0.0,0.0,6.0,0.0,0.0,0.0,0.0,0.0,4.0,1.0,1.0,0.0,0.0,1.0,5.0,0.0,0.0,0.0,0.0,0.0,1.0,1.0,0.0,0.0,0.0,1.0,2.0,0.0,0.0,0.0,1.0,0.0,2.0,3.0,0.0,0.0,3.0,0.0,0.0,1.0,0.0,0.0,2.0,0.0,2.0,1.0,0.0,0.0,0.0,0.0,0.0,1.0,0.0,0.0,0.0,0.0,1.0,0.0,0.0,0.0,0.0,0.0,0.0,0.0,0.0,0.0,0.0,0.0,2.0,0.0,0.0,0.0,0.0,0.0,0.0,0.0,0.0,0.0,0.0,0.0,0.0,0.0,0.0,0.0,0.0,0.0,1.0,0.0,1.0,0.0,0.0,2.0,1.0,0.0,3.0,0.0,0.0,0.0,2.0,0.0,0.0,0.0,1.0,1.0,0.0,0.0,0.0,0.0,0.0,1.0,1.0,0.0,0.0,0.0,0.0,0.0,0.0,0.0,0.0,0.0,0.0,0.0,2.0,0.0,0.0,0.0,0.0,0.0,0.0,0.0,0.0,0.0,0.0,0.0,2.0,1.0,1.0,0.0,0.0,1.0,0.0,0.0,2.0,0.0,1.0,0.0,1.0,2.0,0.0
25,0.0,0.0,0.0,1.0,3.0,1.0,0.0,0.0,0.0,2.0,2.0,1.0,0.0,0.0,0.0,1.0,3.0,1.0,0.0,0.0,1.0,1.0,3.0,0.0,0.0,2.0,0.0,1.0,0.0,3.0,1.0,1.0,4.0,2.0,0.0,1.0,0.0,2.0,3.0,6.0,0.0,0.0,0.0,1.0,1.0,9.0,4.0,0.0,0.0,0.0,0.0,6.0,0.0,0.0,0.0,0.0,1.0,3.0,0.0,1.0,0.0,1.0,1.0,2.0,0.0,0.0,0.0,1.0,1.0,3.0,1.0,0.0,0.0,0.0,0.0,0.0,1.0,1.0,0.0,0.0,2.0,3.0,0.0,1.0,0.0,2.0,0.0,3.0,3.0,0.0,0.0,0.0,0.0,1.0,0.0,0.0,0.0,1.0,0.0,3.0,0.0,0.0,0.0,1.0,1.0,0.0,0.0,0.0,0.0,0.0,0.0,1.0,0.0,0.0,0.0,1.0,0.0,0.0,0.0,0.0,0.0,5.0,0.0,0.0,0.0,0.0,0.0,2.0,1.0,0.0,0.0,1.0,0.0,0.0,0.0,0.0,0.0,0.0,0.0,0.0,0.0,1.0,1.0,0.0,0.0,0.0,2.0,1.0,0.0,0.0,0.0,0.0,1.0,2.0,0.0,0.0,0.0,0.0,0.0,0.0,1.0,0.0,0.0,0.0,0.0,0.0,0.0,0.0,0.0,0.0,0.0,0.0,0.0,0.0,0.0,0.0,0.0,0.0,0.0,0.0,0.0,0.0,0.0,0.0,0.0,0.0,0.0,0.0,0.0,0.0,0.0,0.0,0.0,0.0,0.0,2.0,0.0,0.0,0.0,0.0,0.0,0.0,0.0,0.0
26,0.0,0.0,0.0,0.0,1.0,0.0,0.0,1.0,0.0,1.0,0.0,0.0,0.0,1.0,0.0,0.0,0.0,0.0,0.0,1.0,0.0,0.0,0.0,0.0,0.0,1.0,0.0,3.0,0.0,0.0,0.0,1.0,1.0,0.0,0.0,0.0,0.0,1.0,3.0,2.0,1.0,0.0,0.0,0.0,0.0,5.0,0.0,0.0,0.0,0.0,1.0,2.0,0.0,0.0,0.0,0.0,0.0,1.0,1.0,0.0,0.0,0.0,0.0,3.0,0.0,1.0,0.0,0.0,0.0,2.0,0.0,0.0,0.0,0.0,0.0,0.0,0.0,0.0,0.0,0.0,0.0,3.0,0.0,0.0,0.0,0.0,0.0,4.0,0.0,0.0,0.0,1.0,0.0,1.0,1.0,0.0,0.0,0.0,0.0,4.0,0.0,2.0,0.0,0.0,0.0,0.0,0.0,0.0,0.0,0.0,0.0,2.0,0.0,0.0,0.0,1.0,1.0,3.0,0.0,0.0,0.0,0.0,1.0,4.0,1.0,0.0,0.0,0.0,0.0,2.0,0.0,0.0,0.0,0.0,0.0,0.0,0.0,0.0,0.0,0.0,0.0,1.0,0.0,0.0,0.0,0.0,1.0,2.0,0.0,0.0,0.0,0.0,1.0,0.0,0.0,0.0,0.0,0.0,0.0,1.0,0.0,0.0,0.0,0.0,0.0,1.0,0.0,0.0,0.0,0.0,0.0,0.0,0.0,0.0,0.0,0.0,0.0,0.0,0.0,1.0,0.0,0.0,0.0,0.0,1.0,1.0,0.0,0.0,0.0,2.0,0.0,0.0,0.0,0.0,1.0,0.0,1.0,1.0,0.0,0.0,0.0,1.0,1.0,0.0
27,0.0,1.0,0.0,0.0,1.0,0.0,0.0,1.0,0.0,1.0,0.0,0.0,0.0,2.0,0.0,1.0,0.0,0.0,0.0,1.0,2.0,1.0,0.0,0.0,0.0,2.0,2.0,1.0,0.0,0.0,0.0,1.0,3.0,1.0,0.0,0.0,0.0,0.0,2.0,1.0,0.0,0.0,0.0,0.0,0.0,6.0,0.0,0.0,0.0,0.0,1.0,2.0,0.0,0.0,0.0,0.0,0.0,2.0,0.0,0.0,0.0,0.0,0.0,2.0,0.0,0.0,0.0,0.0,1.0,1.0,0.0,0.0,0.0,0.0,0.0,5.0,1.0,0.0,0.0,0.0,0.0,2.0,0.0,0.0,0.0,5.0,0.0,1.0,1.0,0.0,0.0,1.0,0.0,1.0,0.0,0.0,0.0,0.0,0.0,2.0,0.0,0.0,0.0,3.0,0.0,1.0,0.0,0.0,0.0,3.0,0.0,0.0,0.0,0.0,0.0,0.0,0.0,0.0,0.0,1.0,0.0,1.0,1.0,0.0,0.0,0.0,0.0,0.0,0.0,1.0,0.0,0.0,0.0,0.0,0.0,0.0,0.0,0.0,0.0,1.0,2.0,2.0,0.0,0.0,0.0,0.0,1.0,3.0,0.0,0.0,0.0,0.0,0.0,0.0,0.0,0.0,0.0,0.0,0.0,3.0,0.0,0.0,0.0,0.0,0.0,0.0,0.0,0.0,0.0,0.0,0.0,0.0,0.0,0.0,0.0,1.0,0.0,1.0,0.0,0.0,0.0,0.0,1.0,0.0,0.0,0.0,0.0,1.0,0.0,2.0,1.0,0.0,1.0,2.0,0.0,1.0,0.0,0.0,0.0,1.0,0.0,0.0,0.0,0.0
28,0.0,0.0,0.0,0.0,0.0,0.0,0.0,0.0,0.0,0.0,0.0,0.0,0.0,5.0,0.0,0.0,0.0,1.0,0.0,1.0,0.0,0.0,0.0,0.0,0.0,1.0,13.0,2.0,0.0,0.0,0.0,0.0,8.0,5.0,0.0,0.0,0.0,2.0,5.0,3.0,0.0,0.0,0.0,0.0,1.0,7.0,0.0,1.0,0.0,0.0,0.0,7.0,1.0,0.0,0.0,0.0,1.0,14.0,1.0,0.0,0.0,0.0,2.0,7.0,0.0,0.0,0.0,0.0,0.0,9.0,2.0,0.0,0.0,0.0,1.0,9.0,0.0,0.0,0.0,0.0,1.0,1.0,0.0,0.0,0.0,2.0,0.0,8.0,4.0,0.0,0.0,1.0,0.0,4.0,2.0,0.0,0.0,1.0,0.0,2.0,0.0,0.0,0.0,1.0,0.0,0.0,0.0,0.0,0.0,1.0,0.0,1.0,0.0,0.0,0.0,0.0,1.0,4.0,0.0,0.0,0.0,1.0,0.0,1.0,0.0,0.0,0.0,0.0,0.0,4.0,0.0,0.0,0.0,3.0,1.0,0.0,0.0,0.0,0.0,4.0,0.0,0.0,0.0,0.0,0.0,1.0,1.0,0.0,0.0,0.0,0.0,1.0,1.0,0.0,0.0,0.0,0.0,0.0,1.0,3.0,0.0,0.0,0.0,0.0,0.0,0.0,0.0,0.0,0.0,0.0,0.0,0.0,0.0,0.0,0.0,0.0,0.0,1.0,0.0,0.0,0.0,2.0,1.0,0.0,0.0,0.0,0.0,4.0,0.0,4.0,1.0,0.0,0.0,0.0,2.0,1.0,0.0,0.0,0.0,2.0,0.0,1.0,0.0,0.0
29,0.0,0.0,0.0,0.0,0.0,1.0,0.0,0.0,0.0,0.0,0.0,1.0,0.0,0.0,0.0,0.0,0.0,0.0,1.0,0.0,1.0,0.0,0.0,2.0,2.0,0.0,0.0,1.0,7.0,1.0,0.0,0.0,0.0,5.0,1.0,1.0,0.0,0.0,2.0,3.0,2.0,1.0,0.0,0.0,0.0,0.0,7.0,3.0,0.0,0.0,0.0,0.0,3.0,2.0,0.0,0.0,0.0,0.0,5.0,0.0,0.0,0.0,0.0,0.0,9.0,1.0,0.0,0.0,0.0,0.0,3.0,0.0,0.0,0.0,0.0,2.0,0.0,0.0,0.0,0.0,0.0,1.0,2.0,0.0,0.0,0.0,5.0,0.0,1.0,0.0,0.0,0.0,1.0,0.0,3.0,0.0,0.0,0.0,2.0,0.0,2.0,1.0,0.0,0.0,0.0,1.0,2.0,0.0,0.0,0.0,1.0,0.0,0.0,0.0,0.0,0.0,0.0,0.0,0.0,0.0,0.0,0.0,0.0,0.0,0.0,1.0,0.0,0.0,1.0,0.0,2.0,1.0,0.0,0.0,0.0,0.0,0.0,0.0,0.0,0.0,1.0,2.0,1.0,3.0,0.0,0.0,0.0,1.0,0.0,0.0,0.0,0.0,0.0,0.0,3.0,0.0,0.0,0.0,1.0,1.0,3.0,1.0,0.0,0.0,0.0,1.0,1.0,2.0,0.0,0.0,0.0,0.0,2.0,2.0,0.0,0.0,0.0,0.0,0.0,0.0,0.0,0.0,0.0,0.0,0.0,1.0,0.0,0.0,0.0,0.0,2.0,0.0,0.0,0.0,0.0,0.0,0.0,3.0,0.0,0.0,0.0,0.0,2.0,2.0
30,0.0,4.0,1.0,8.0,4.0,3.0,0.0,8.0,2.0,11.0,5.0,1.0,0.0,10.0,2.0,3.0,2.0,0.0,0.0,4.0,1.0,8.0,3.0,0.0,0.0,10.0,14.0,15.0,2.0,3.0,0.0,7.0,19.0,4.0,0.0,1.0,0.0,5.0,10.0,9.0,0.0,2.0,0.0,2.0,10.0,41.0,5.0,1.0,0.0,2.0,3.0,22.0,1.0,1.0,0.0,0.0,2.0,24.0,4.0,0.0,0.0,1.0,4.0,26.0,2.0,0.0,0.0,0.0,2.0,14.0,3.0,0.0,0.0,0.0,1.0,6.0,0.0,1.0,0.0,0.0,4.0,14.0,1.0,1.0,0.0,6.0,9.0,13.0,1.0,2.0,1.0,2.0,3.0,8.0,0.0,0.0,0.0,8.0,2.0,15.0,6.0,0.0,0.0,4.0,3.0,4.0,2.0,1.0,0.0,2.0,2.0,2.0,3.0,0.0,0.0,1.0,1.0,5.0,1.0,2.0,0.0,1.0,1.0,3.0,0.0,1.0,1.0,4.0,3.0,5.0,2.0,1.0,0.0,5.0,3.0,0.0,0.0,0.0,0.0,1.0,2.0,8.0,9.0,3.0,0.0,2.0,5.0,10.0,0.0,2.0,0.0,4.0,2.0,10.0,1.0,0.0,0.0,0.0,2.0,9.0,4.0,1.0,0.0,5.0,1.0,5.0,2.0,0.0,0.0,0.0,0.0,0.0,0.0,0.0,0.0,2.0,1.0,6.0,0.0,0.0,0.0,6.0,3.0,13.0,1.0,5.0,0.0,5.0,2.0,6.0,2.0,0.0,0.0,0.0,3.0,11.0,0.0,1.0,0.0,2.0,3.0,4.0,1.0,0.0
31,0.0,0.0,0.0,3.0,0.0,1.0,0.0,0.0,1.0,2.0,0.0,0.0,0.0,1.0,4.0,1.0,0.0,0.0,0.0,0.0,0.0,1.0,0.0,0.0,0.0,0.0,4.0,0.0,0.0,0.0,0.0,1.0,0.0,0.0,0.0,1.0,0.0,0.0,2.0,1.0,0.0,0.0,0.0,2.0,2.0,4.0,0.0,1.0,0.0,2.0,1.0,1.0,0.0,0.0,0.0,2.0,1.0,1.0,0.0,0.0,0.0,0.0,0.0,0.0,1.0,0.0,0.0,1.0,3.0,0.0,0.0,0.0,0.0,0.0,0.0,0.0,0.0,0.0,0.0,0.0,0.0,2.0,0.0,0.0,0.0,6.0,2.0,1.0,1.0,0.0,0.0,0.0,0.0,0.0,0.0,0.0,0.0,3.0,0.0,0.0,0.0,0.0,0.0,0.0,1.0,1.0,1.0,0.0,0.0,0.0,0.0,0.0,0.0,0.0,0.0,1.0,0.0,1.0,0.0,0.0,0.0,0.0,2.0,0.0,1.0,0.0,0.0,0.0,0.0,0.0,0.0,0.0,0.0,0.0,1.0,0.0,0.0,0.0,0.0,0.0,1.0,1.0,0.0,0.0,0.0,1.0,2.0,1.0,0.0,0.0,0.0,0.0,0.0,2.0,0.0,0.0,0.0,0.0,0.0,1.0,0.0,0.0,0.0,0.0,0.0,1.0,0.0,0.0,0.0,0.0,0.0,0.0,0.0,0.0,1.0,0.0,0.0,0.0,0.0,0.0,0.0,0.0,2.0,0.0,0.0,0.0,0.0,1.0,2.0,0.0,0.0,0.0,0.0,1.0,2.0,1.0,0.0,0.0,0.0,2.0,1.0,2.0,1.0,0.0
32,0.0,0.0,0.0,0.0,0.0,0.0,0.0,0.0,0.0,0.0,0.0,0.0,0.0,0.0,0.0,0.0,0.0,0.0,0.0,0.0,0.0,0.0,1.0,1.0,0.0,4.0,3.0,0.0,2.0,0.0,0.0,0.0,3.0,0.0,1.0,2.0,1.0,3.0,8.0,1.0,0.0,4.0,0.0,0.0,5.0,3.0,0.0,0.0,0.0,0.0,4.0,2.0,0.0,1.0,0.0,1.0,5.0,0.0,3.0,3.0,0.0,0.0,4.0,0.0,1.0,0.0,1.0,0.0,3.0,0.0,0.0,0.0,0.0,0.0,4.0,0.0,0.0,1.0,0.0,0.0,0.0,0.0,2.0,0.0,0.0,0.0,3.0,3.0,1.0,0.0,0.0,0.0,3.0,0.0,0.0,0.0,1.0,0.0,0.0,0.0,0.0,0.0,0.0,0.0,1.0,1.0,0.0,1.0,0.0,0.0,1.0,1.0,0.0,0.0,0.0,0.0,0.0,1.0,2.0,0.0,0.0,0.0,0.0,0.0,0.0,0.0,0.0,0.0,0.0,0.0,0.0,0.0,0.0,0.0,0.0,0.0,0.0,0.0,0.0,0.0,1.0,0.0,0.0,1.0,0.0,0.0,1.0,0.0,1.0,0.0,0.0,0.0,0.0,1.0,0.0,0.0,0.0,0.0,1.0,0.0,1.0,0.0,0.0,0.0,0.0,0.0,0.0,1.0,0.0,0.0,0.0,0.0,0.0,2.0,0.0,0.0,1.0,0.0,2.0,1.0,0.0,0.0,0.0,1.0,1.0,0.0,0.0,0.0,0.0,1.0,0.0,0.0,1.0,0.0,0.0,0.0,0.0,0.0,0.0,0.0,1.0,0.0,0.0,0.0
33,5.0,0.0,4.0,9.0,4.0,0.0,4.0,0.0,2.0,4.0,2.0,0.0,5.0,0.0,6.0,3.0,2.0,0.0,1.0,1.0,8.0,6.0,1.0,0.0,2.0,12.0,18.0,8.0,7.0,0.0,21.0,36.0,59.0,24.0,25.0,1.0,6.0,9.0,23.0,7.0,4.0,1.0,6.0,6.0,18.0,6.0,5.0,1.0,1.0,3.0,6.0,9.0,4.0,0.0,1.0,6.0,6.0,3.0,3.0,0.0,1.0,6.0,5.0,5.0,1.0,0.0,0.0,1.0,1.0,4.0,0.0,0.0,0.0,2.0,1.0,2.0,0.0,0.0,0.0,5.0,3.0,0.0,1.0,0.0,6.0,3.0,5.0,3.0,0.0,0.0,0.0,0.0,5.0,2.0,0.0,0.0,4.0,0.0,9.0,1.0,2.0,0.0,2.0,0.0,5.0,6.0,0.0,0.0,1.0,1.0,5.0,1.0,1.0,0.0,1.0,2.0,2.0,4.0,3.0,0.0,0.0,1.0,1.0,0.0,0.0,0.0,0.0,0.0,1.0,3.0,0.0,0.0,2.0,2.0,9.0,0.0,0.0,0.0,1.0,3.0,12.0,0.0,0.0,0.0,2.0,2.0,1.0,2.0,0.0,0.0,0.0,2.0,10.0,1.0,0.0,0.0,2.0,3.0,5.0,2.0,1.0,0.0,1.0,4.0,2.0,4.0,3.0,0.0,0.0,0.0,1.0,1.0,1.0,0.0,1.0,1.0,5.0,2.0,0.0,0.0,0.0,0.0,4.0,3.0,1.0,0.0,0.0,0.0,5.0,1.0,0.0,0.0,0.0,1.0,3.0,1.0,4.0,0.0,0.0,0.0,2.0,0.0,0.0,0.0
34,1.0,0.0,6.0,7.0,0.0,0.0,2.0,0.0,8.0,3.0,6.0,1.0,1.0,2.0,8.0,4.0,2.0,0.0,0.0,0.0,3.0,1.0,0.0,0.0,0.0,2.0,10.0,3.0,0.0,0.0,15.0,8.0,21.0,13.0,5.0,1.0,6.0,1.0,7.0,3.0,0.0,0.0,1.0,2.0,10.0,2.0,0.0,1.0,0.0,1.0,5.0,4.0,0.0,0.0,1.0,1.0,8.0,3.0,0.0,0.0,1.0,1.0,3.0,1.0,0.0,0.0,2.0,0.0,4.0,2.0,0.0,0.0,0.0,0.0,1.0,0.0,0.0,0.0,0.0,0.0,2.0,2.0,0.0,0.0,0.0,1.0,10.0,8.0,0.0,0.0,2.0,1.0,3.0,2.0,0.0,0.0,1.0,4.0,5.0,1.0,0.0,0.0,1.0,0.0,5.0,3.0,1.0,0.0,0.0,0.0,1.0,0.0,0.0,0.0,0.0,0.0,3.0,4.0,0.0,0.0,0.0,0.0,6.0,3.0,0.0,0.0,0.0,2.0,1.0,5.0,0.0,0.0,1.0,0.0,5.0,0.0,0.0,0.0,0.0,1.0,4.0,3.0,1.0,0.0,0.0,2.0,3.0,4.0,0.0,0.0,0.0,1.0,1.0,5.0,0.0,0.0,0.0,2.0,4.0,0.0,1.0,0.0,0.0,3.0,6.0,2.0,0.0,0.0,0.0,0.0,0.0,0.0,0.0,0.0,1.0,0.0,0.0,1.0,0.0,0.0,2.0,0.0,3.0,2.0,1.0,0.0,1.0,1.0,0.0,0.0,0.0,0.0,1.0,0.0,0.0,1.0,0.0,0.0,0.0,0.0,1.0,0.0,0.0,0.0
35,0.0,0.0,1.0,1.0,0.0,0.0,0.0,1.0,0.0,1.0,0.0,0.0,1.0,0.0,0.0,2.0,0.0,0.0,0.0,1.0,0.0,0.0,0.0,0.0,2.0,1.0,2.0,1.0,0.0,0.0,1.0,2.0,4.0,0.0,0.0,0.0,0.0,2.0,4.0,1.0,0.0,0.0,0.0,0.0,5.0,0.0,0.0,0.0,0.0,2.0,3.0,1.0,0.0,0.0,0.0,0.0,1.0,0.0,0.0,0.0,0.0,0.0,0.0,0.0,0.0,0.0,1.0,1.0,2.0,0.0,1.0,0.0,0.0,0.0,1.0,0.0,0.0,0.0,1.0,1.0,0.0,2.0,0.0,0.0,0.0,0.0,0.0,0.0,3.0,0.0,0.0,0.0,0.0,1.0,0.0,0.0,1.0,0.0,2.0,1.0,0.0,0.0,0.0,1.0,0.0,0.0,0.0,0.0,0.0,0.0,0.0,0.0,0.0,0.0,0.0,1.0,0.0,0.0,0.0,0.0,0.0,0.0,0.0,0.0,0.0,0.0,0.0,0.0,1.0,0.0,0.0,0.0,1.0,0.0,0.0,0.0,0.0,0.0,0.0,0.0,1.0,1.0,0.0,0.0,0.0,0.0,1.0,0.0,0.0,0.0,0.0,0.0,1.0,0.0,0.0,0.0,0.0,0.0,1.0,0.0,0.0,0.0,0.0,1.0,0.0,0.0,0.0,0.0,0.0,0.0,0.0,0.0,0.0,0.0,0.0,0.0,0.0,0.0,0.0,0.0,0.0,0.0,0.0,0.0,0.0,0.0,0.0,0.0,2.0,0.0,1.0,0.0,0.0,1.0,0.0,2.0,0.0,0.0,0.0,0.0,1.0,0.0,0.0,0.0
36,0.0,0.0,2.0,0.0,1.0,0.0,2.0,1.0,1.0,1.0,0.0,0.0,1.0,1.0,3.0,2.0,0.0,0.0,0.0,0.0,0.0,1.0,1.0,0.0,1.0,2.0,3.0,1.0,1.0,0.0,1.0,2.0,1.0,1.0,0.0,0.0,1.0,4.0,4.0,0.0,0.0,0.0,1.0,0.0,3.0,1.0,0.0,0.0,0.0,0.0,2.0,1.0,0.0,0.0,0.0,1.0,0.0,0.0,0.0,0.0,0.0,0.0,3.0,1.0,0.0,0.0,0.0,0.0,3.0,0.0,0.0,0.0,0.0,0.0,1.0,0.0,0.0,0.0,0.0,1.0,1.0,0.0,0.0,0.0,0.0,0.0,2.0,0.0,0.0,0.0,0.0,0.0,2.0,0.0,0.0,0.0,1.0,0.0,1.0,2.0,0.0,0.0,0.0,0.0,0.0,1.0,0.0,0.0,0.0,0.0,1.0,0.0,0.0,0.0,0.0,1.0,1.0,1.0,0.0,0.0,0.0,1.0,0.0,1.0,0.0,0.0,0.0,0.0,0.0,0.0,0.0,0.0,0.0,0.0,1.0,0.0,0.0,0.0,0.0,1.0,1.0,0.0,0.0,0.0,0.0,0.0,1.0,0.0,1.0,0.0,0.0,2.0,0.0,0.0,0.0,0.0,0.0,0.0,5.0,0.0,0.0,0.0,1.0,3.0,1.0,1.0,0.0,0.0,0.0,0.0,0.0,0.0,1.0,0.0,0.0,1.0,1.0,2.0,0.0,0.0,0.0,0.0,2.0,0.0,0.0,0.0,0.0,0.0,1.0,0.0,0.0,0.0,0.0,0.0,0.0,1.0,0.0,0.0,0.0,0.0,0.0,1.0,0.0,0.0
37,0.0,0.0,1.0,2.0,0.0,0.0,0.0,0.0,0.0,0.0,0.0,0.0,0.0,0.0,0.0,1.0,0.0,0.0,0.0,0.0,0.0,1.0,1.0,0.0,1.0,3.0,1.0,0.0,0.0,0.0,1.0,0.0,1.0,1.0,0.0,0.0,0.0,1.0,1.0,0.0,0.0,0.0,0.0,0.0,1.0,0.0,1.0,0.0,1.0,0.0,1.0,2.0,0.0,0.0,0.0,1.0,1.0,0.0,0.0,0.0,0.0,0.0,2.0,1.0,0.0,0.0,2.0,0.0,1.0,1.0,0.0,0.0,0.0,0.0,0.0,0.0,0.0,0.0,0.0,4.0,0.0,0.0,0.0,0.0,0.0,0.0,2.0,0.0,2.0,0.0,0.0,0.0,1.0,0.0,0.0,0.0,1.0,0.0,0.0,0.0,0.0,0.0,0.0,0.0,0.0,0.0,1.0,0.0,0.0,0.0,0.0,0.0,0.0,0.0,1.0,0.0,0.0,1.0,0.0,0.0,0.0,0.0,0.0,0.0,0.0,0.0,0.0,0.0,0.0,1.0,1.0,0.0,1.0,0.0,0.0,0.0,0.0,0.0,0.0,0.0,0.0,1.0,0.0,0.0,0.0,0.0,0.0,1.0,0.0,0.0,1.0,0.0,0.0,1.0,0.0,0.0,0.0,0.0,2.0,0.0,0.0,0.0,0.0,0.0,0.0,0.0,0.0,0.0,0.0,0.0,0.0,1.0,0.0,0.0,0.0,0.0,1.0,2.0,0.0,0.0,0.0,1.0,1.0,0.0,0.0,0.0,1.0,0.0,2.0,0.0,0.0,0.0,0.0,1.0,0.0,2.0,0.0,0.0,1.0,2.0,0.0,2.0,0.0,1.0
38,1.0,0.0,1.0,1.0,2.0,0.0,1.0,0.0,1.0,2.0,0.0,0.0,1.0,1.0,1.0,0.0,0.0,0.0,1.0,0.0,1.0,0.0,0.0,0.0,4.0,2.0,7.0,0.0,0.0,0.0,3.0,3.0,2.0,1.0,0.0,0.0,1.0,2.0,1.0,0.0,0.0,0.0,1.0,1.0,11.0,0.0,1.0,0.0,1.0,0.0,5.0,0.0,0.0,0.0,1.0,0.0,2.0,0.0,0.0,0.0,0.0,1.0,2.0,0.0,0.0,0.0,0.0,0.0,3.0,0.0,0.0,0.0,0.0,0.0,4.0,0.0,0.0,0.0,0.0,4.0,1.0,0.0,0.0,1.0,0.0,0.0,5.0,0.0,1.0,0.0,0.0,0.0,1.0,0.0,0.0,0.0,0.0,1.0,0.0,0.0,0.0,0.0,0.0,0.0,0.0,0.0,0.0,1.0,1.0,0.0,2.0,0.0,0.0,0.0,0.0,1.0,0.0,0.0,0.0,0.0,0.0,0.0,1.0,0.0,0.0,0.0,0.0,0.0,0.0,0.0,0.0,0.0,1.0,0.0,2.0,0.0,0.0,0.0,0.0,0.0,0.0,0.0,3.0,0.0,0.0,0.0,0.0,0.0,0.0,1.0,0.0,0.0,2.0,0.0,0.0,0.0,0.0,0.0,0.0,0.0,0.0,0.0,0.0,2.0,0.0,1.0,0.0,0.0,0.0,0.0,0.0,0.0,0.0,0.0,0.0,0.0,1.0,0.0,0.0,0.0,0.0,0.0,3.0,0.0,0.0,0.0,0.0,1.0,1.0,0.0,0.0,0.0,0.0,1.0,2.0,0.0,0.0,0.0,0.0,0.0,1.0,0.0,1.0,0.0
39,1.0,1.0,2.0,0.0,0.0,0.0,0.0,1.0,1.0,1.0,0.0,0.0,3.0,1.0,4.0,1.0,0.0,0.0,1.0,0.0,3.0,0.0,0.0,0.0,0.0,4.0,4.0,0.0,3.0,0.0,0.0,4.0,3.0,0.0,0.0,0.0,0.0,3.0,1.0,0.0,0.0,0.0,1.0,1.0,7.0,1.0,1.0,0.0,0.0,0.0,1.0,1.0,0.0,0.0,0.0,0.0,1.0,1.0,1.0,0.0,0.0,0.0,1.0,0.0,1.0,0.0,1.0,0.0,1.0,0.0,0.0,0.0,0.0,0.0,2.0,0.0,0.0,0.0,0.0,0.0,1.0,0.0,0.0,0.0,2.0,2.0,2.0,1.0,0.0,0.0,0.0,0.0,2.0,0.0,0.0,0.0,0.0,0.0,2.0,0.0,0.0,0.0,0.0,0.0,0.0,0.0,0.0,0.0,0.0,0.0,1.0,0.0,0.0,0.0,0.0,0.0,0.0,0.0,0.0,0.0,0.0,0.0,1.0,0.0,0.0,0.0,1.0,1.0,0.0,1.0,0.0,0.0,0.0,0.0,0.0,0.0,0.0,0.0,0.0,1.0,0.0,1.0,0.0,0.0,0.0,3.0,1.0,0.0,0.0,0.0,0.0,1.0,0.0,0.0,0.0,0.0,0.0,2.0,1.0,0.0,0.0,0.0,1.0,1.0,0.0,0.0,0.0,0.0,0.0,0.0,0.0,0.0,0.0,0.0,0.0,0.0,0.0,2.0,0.0,0.0,0.0,1.0,0.0,2.0,0.0,0.0,0.0,1.0,0.0,0.0,0.0,0.0,0.0,0.0,0.0,0.0,1.0,0.0,0.0,0.0,2.0,0.0,0.0,0.0
40,0.0,3.0,2.0,0.0,0.0,0.0,0.0,2.0,0.0,2.0,0.0,0.0,0.0,5.0,2.0,3.0,0.0,0.0,0.0,4.0,1.0,0.0,0.0,0.0,1.0,7.0,3.0,0.0,0.0,0.0,0.0,8.0,2.0,0.0,0.0,0.0,3.0,3.0,2.0,0.0,0.0,0.0,0.0,3.0,12.0,0.0,0.0,0.0,1.0,1.0,6.0,0.0,0.0,0.0,0.0,3.0,8.0,0.0,1.0,1.0,2.0,2.0,5.0,1.0,0.0,0.0,0.0,2.0,3.0,0.0,0.0,0.0,0.0,0.0,7.0,0.0,0.0,0.0,0.0,0.0,1.0,0.0,0.0,0.0,0.0,2.0,6.0,4.0,0.0,0.0,4.0,1.0,5.0,0.0,0.0,0.0,2.0,0.0,5.0,1.0,0.0,0.0,2.0,2.0,2.0,1.0,2.0,0.0,0.0,0.0,1.0,0.0,0.0,0.0,1.0,2.0,0.0,0.0,0.0,0.0,0.0,0.0,0.0,0.0,0.0,0.0,0.0,2.0,1.0,0.0,0.0,0.0,1.0,0.0,2.0,0.0,0.0,0.0,1.0,0.0,2.0,0.0,0.0,0.0,1.0,2.0,2.0,0.0,0.0,0.0,2.0,5.0,2.0,0.0,0.0,0.0,1.0,2.0,0.0,0.0,0.0,0.0,1.0,2.0,1.0,0.0,0.0,0.0,0.0,0.0,0.0,0.0,0.0,0.0,2.0,4.0,1.0,0.0,0.0,0.0,0.0,1.0,0.0,0.0,0.0,0.0,2.0,1.0,1.0,0.0,0.0,0.0,2.0,0.0,0.0,1.0,0.0,0.0,3.0,3.0,1.0,0.0,0.0,0.0
41,0.0,10.0,6.0,5.0,0.0,0.0,0.0,2.0,3.0,0.0,0.0,0.0,3.0,2.0,2.0,0.0,0.0,0.0,4.0,2.0,0.0,3.0,1.0,0.0,2.0,5.0,11.0,0.0,1.0,0.0,3.0,10.0,8.0,0.0,0.0,0.0,1.0,4.0,13.0,1.0,0.0,0.0,0.0,4.0,22.0,2.0,0.0,0.0,0.0,1.0,10.0,1.0,1.0,0.0,1.0,2.0,7.0,1.0,0.0,0.0,0.0,0.0,9.0,0.0,0.0,0.0,0.0,0.0,7.0,2.0,0.0,0.0,0.0,2.0,5.0,0.0,0.0,0.0,3.0,1.0,6.0,0.0,0.0,0.0,6.0,2.0,4.0,3.0,3.0,0.0,2.0,0.0,2.0,2.0,1.0,0.0,2.0,3.0,3.0,0.0,0.0,0.0,2.0,2.0,2.0,0.0,0.0,0.0,4.0,0.0,2.0,0.0,1.0,0.0,3.0,1.0,2.0,0.0,1.0,0.0,1.0,0.0,3.0,2.0,4.0,0.0,2.0,0.0,0.0,0.0,1.0,0.0,0.0,3.0,0.0,0.0,0.0,0.0,0.0,0.0,1.0,0.0,1.0,0.0,2.0,2.0,2.0,0.0,0.0,0.0,0.0,0.0,6.0,0.0,1.0,0.0,2.0,1.0,3.0,0.0,0.0,0.0,0.0,2.0,2.0,0.0,2.0,0.0,0.0,0.0,0.0,0.0,2.0,0.0,3.0,2.0,1.0,0.0,1.0,0.0,0.0,3.0,1.0,2.0,1.0,1.0,1.0,4.0,2.0,0.0,2.0,0.0,5.0,3.0,2.0,1.0,0.0,0.0,1.0,2.0,3.0,0.0,1.0,0.0
Temperature (degrees),27.0,27.0,27.0,27.0,27.0,27.0,28.0,28.0,28.0,28.0,28.0,28.0,30.0,30.0,30.0,30.0,30.0,30.0,30.0,30.0,30.0,30.0,30.0,30.0,31.0,31.0,31.0,31.0,31.0,31.0,31.0,31.0,31.0,31.0,31.0,31.0,28.0,28.0,28.0,28.0,28.0,28.0,23.0,23.0,23.0,23.0,23.0,23.0,30.0,30.0,30.0,30.0,30.0,30.0,29.0,29.0,29.0,29.0,29.0,29.0,30.0,30.0,30.0,30.0,30.0,30.0,29.0,29.0,29.0,29.0,29.0,29.0,29.0,29.0,29.0,29.0,29.0,29.0,29.0,29.0,29.0,29.0,29.0,29.0,29.0,29.0,29.0,29.0,29.0,29.0,28.0,28.0,28.0,28.0,28.0,28.0,28.0,28.0,28.0,28.0,28.0,28.0,28.0,28.0,28.0,28.0,28.0,28.0,28.0,28.0,28.0,28.0,28.0,28.0,28.0,28.0,28.0,28.0,28.0,28.0,29.0,29.0,29.0,29.0,29.0,29.0,26.0,26.0,26.0,26.0,26.0,26.0,21.0,21.0,21.0,21.0,21.0,21.0,26.0,26.0,26.0,26.0,26.0,26.0,27.0,27.0,27.0,27.0,27.0,27.0,27.0,27.0,27.0,27.0,27.0,27.0,27.0,27.0,27.0,27.0,27.0,27.0,25.0,25.0,25.0,25.0,25.0,25.0,27.0,27.0,27.0,27.0,27.0,27.0,27.0,27.0,27.0,27.0,27.0,27.0,24.0,24.0,24.0,24.0,24.0,24.0,24.0,24.0,24.0,24.0,24.0,24.0,23.0,23.0,23.0,23.0,23.0,23.0,29.0,29.0,29.0,29.0,29.0,29.0
Wind (KM/hr),29.0,29.0,29.0,29.0,29.0,29.0,26.0,26.0,26.0,26.0,26.0,26.0,8.0,8.0,8.0,8.0,8.0,8.0,9.0,9.0,9.0,9.0,9.0,9.0,17.0,17.0,17.0,17.0,17.0,17.0,12.0,12.0,12.0,12.0,12.0,12.0,8.0,8.0,8.0,8.0,8.0,8.0,30.0,30.0,30.0,30.0,30.0,30.0,22.0,22.0,22.0,22.0,22.0,22.0,7.0,7.0,7.0,7.0,7.0,7.0,4.0,4.0,4.0,4.0,4.0,4.0,5.0,5.0,5.0,5.0,5.0,5.0,13.0,13.0,13.0,13.0,13.0,13.0,12.0,12.0,12.0,12.0,12.0,12.0,5.0,5.0,5.0,5.0,5.0,5.0,12.0,12.0,12.0,12.0,12.0,12.0,13.0,13.0,13.0,13.0,13.0,13.0,13.0,13.0,13.0,13.0,13.0,13.0,11.0,11.0,11.0,11.0,11.0,11.0,8.0,8.0,8.0,8.0,8.0,8.0,4.0,4.0,4.0,4.0,4.0,4.0,9.0,9.0,9.0,9.0,9.0,9.0,7.0,7.0,7.0,7.0,7.0,7.0,24.0,24.0,24.0,24.0,24.0,24.0,13.0,13.0,13.0,13.0,13.0,13.0,13.0,13.0,13.0,13.0,13.0,13.0,16.0,16.0,16.0,16.0,16.0,16.0,16.0,16.0,16.0,16.0,16.0,16.0,20.0,20.0,20.0,20.0,20.0,20.0,6.0,6.0,6.0,6.0,6.0,6.0,9.0,9.0,9.0,9.0,9.0,9.0,20.0,20.0,20.0,20.0,20.0,20.0,26.0,26.0,26.0,26.0,26.0,26.0,21.0,21.0,21.0,21.0,21.0,21.0
Gust (KM/hr),48.0,48.0,48.0,48.0,48.0,48.0,37.0,37.0,37.0,37.0,37.0,37.0,10.0,10.0,10.0,10.0,10.0,10.0,10.0,10.0,10.0,10.0,10.0,10.0,19.0,19.0,19.0,19.0,19.0,19.0,14.0,14.0,14.0,14.0,14.0,14.0,11.0,11.0,11.0,11.0,11.0,11.0,46.0,46.0,46.0,46.0,46.0,46.0,26.0,26.0,26.0,26.0,26.0,26.0,8.0,8.0,8.0,8.0,8.0,8.0,5.0,5.0,5.0,5.0,5.0,5.0,6.0,6.0,6.0,6.0,6.0,6.0,15.0,15.0,15.0,15.0,15.0,15.0,14.0,14.0,14.0,14.0,14.0,14.0,6.0,6.0,6.0,6.0,6.0,6.0,14.0,14.0,14.0,14.0,14.0,14.0,15.0,15.0,15.0,15.0,15.0,15.0,15.0,15.0,15.0,15.0,15.0,15.0,13.0,13.0,13.0,13.0,13.0,13.0,9.0,9.0,9.0,9.0,9.0,9.0,4.0,4.0,4.0,4.0,4.0,4.0,10.0,10.0,10.0,10.0,10.0,10.0,9.0,9.0,9.0,9.0,9.0,9.0,40.0,40.0,40.0,40.0,40.0,40.0,16.0,16.0,16.0,16.0,16.0,16.0,17.0,17.0,17.0,17.0,17.0,17.0,19.0,19.0,19.0,19.0,19.0,19.0,21.0,21.0,21.0,21.0,21.0,21.0,23.0,23.0,23.0,23.0,23.0,23.0,7.0,7.0,7.0,7.0,7.0,7.0,11.0,11.0,11.0,11.0,11.0,11.0,27.0,27.0,27.0,27.0,27.0,27.0,39.0,39.0,39.0,39.0,39.0,39.0,26.0,26.0,26.0,26.0,26.0,26.0
Cloud (%),84.0,84.0,84.0,84.0,84.0,84.0,95.0,95.0,95.0,95.0,95.0,95.0,100.0,100.0,100.0,100.0,100.0,100.0,57.0,57.0,57.0,57.0,57.0,57.0,17.0,17.0,17.0,17.0,17.0,17.0,61.0,61.0,61.0,61.0,61.0,61.0,100.0,100.0,100.0,100.0,100.0,100.0,100.0,100.0,100.0,100.0,100.0,100.0,39.0,39.0,39.0,39.0,39.0,39.0,26.0,26.0,26.0,26.0,26.0,26.0,70.0,70.0,70.0,70.0,70.0,70.0,53.0,53.0,53.0,53.0,53.0,53.0,14.0,14.0,14.0,14.0,14.0,14.0,34.0,34.0,34.0,34.0,34.0,34.0,8.0,8.0,8.0,8.0,8.0,8.0,53.0,53.0,53.0,53.0,53.0,53.0,27.0,27.0,27.0,27.0,27.0,27.0,17.0,17.0,17.0,17.0,17.0,17.0,12.0,12.0,12.0,12.0,12.0,12.0,6.0,6.0,6.0,6.0,6.0,6.0,49.0,49.0,49.0,49.0,49.0,49.0,94.0,94.0,94.0,94.0,94.0,94.0,100.0,100.0,100.0,100.0,100.0,100.0,37.0,37.0,37.0,37.0,37.0,37.0,52.0,52.0,52.0,52.0,52.0,52.0,45.0,45.0,45.0,45.0,45.0,45.0,16.0,16.0,16.0,16.0,16.0,16.0,100.0,100.0,100.0,100.0,100.0,100.0,71.0,71.0,71.0,71.0,71.0,71.0,88.0,88.0,88.0,88.0,88.0,88.0,55.0,55.0,55.0,55.0,55.0,55.0,100.0,100.0,100.0,100.0,100.0,100.0,100.0,100.0,100.0,100.0,100.0,100.0,78.0,78.0,78.0,78.0,78.0,78.0
Humidity (%),87.0,87.0,87.0,87.0,87.0,87.0,79.0,79.0,79.0,79.0,79.0,79.0,58.0,58.0,58.0,58.0,58.0,58.0,61.0,61.0,61.0,61.0,61.0,61.0,57.0,57.0,57.0,57.0,57.0,57.0,72.0,72.0,72.0,72.0,72.0,72.0,77.0,77.0,77.0,77.0,77.0,77.0,92.0,92.0,92.0,92.0,92.0,92.0,58.0,58.0,58.0,58.0,58.0,58.0,62.0,62.0,62.0,62.0,62.0,62.0,55.0,55.0,55.0,55.0,55.0,55.0,57.0,57.0,57.0,57.0,57.0,57.0,60.0,60.0,60.0,60.0,60.0,60.0,64.0,64.0,64.0,64.0,64.0,64.0,59.0,59.0,59.0,59.0,59.0,59.0,70.0,70.0,70.0,70.0,70.0,70.0,61.0,61.0,61.0,61.0,61.0,61.0,58.0,58.0,58.0,58.0,58.0,58.0,47.0,47.0,47.0,47.0,47.0,47.0,46.0,46.0,46.0,46.0,46.0,46.0,48.0,48.0,48.0,48.0,48.0,48.0,58.0,58.0,58.0,58.0,58.0,58.0,89.0,89.0,89.0,89.0,89.0,89.0,66.0,66.0,66.0,66.0,66.0,66.0,71.0,71.0,71.0,71.0,71.0,71.0,68.0,68.0,68.0,68.0,68.0,68.0,55.0,55.0,55.0,55.0,55.0,55.0,75.0,75.0,75.0,75.0,75.0,75.0,65.0,65.0,65.0,65.0,65.0,65.0,64.0,64.0,64.0,64.0,64.0,64.0,73.0,73.0,73.0,73.0,73.0,73.0,72.0,72.0,72.0,72.0,72.0,72.0,91.0,91.0,91.0,91.0,91.0,91.0,74.0,74.0,74.0,74.0,74.0,74.0
Precipitation (mm),0.0,0.0,0.0,0.0,0.0,0.0,0.0,0.0,0.0,0.0,0.0,0.0,0.0,0.0,0.0,0.0,0.0,0.0,0.0,0.0,0.0,0.0,0.0,0.0,0.0,0.0,0.0,0.0,0.0,0.0,0.0,0.0,0.0,0.0,0.0,0.0,0.0,0.0,0.0,0.0,0.0,0.0,0.0,0.0,0.0,0.0,0.0,0.0,0.0,0.0,0.0,0.0,0.0,0.0,0.0,0.0,0.0,0.0,0.0,0.0,0.0,0.0,0.0,0.0,0.0,0.0,0.0,0.0,0.0,0.0,0.0,0.0,0.0,0.0,0.0,0.0,0.0,0.0,0.0,0.0,0.0,0.0,0.0,0.0,0.0,0.0,0.0,0.0,0.0,0.0,0.0,0.0,0.0,0.0,0.0,0.0,0.0,0.0,0.0,0.0,0.0,0.0,0.0,0.0,0.0,0.0,0.0,0.0,0.0,0.0,0.0,0.0,0.0,0.0,0.0,0.0,0.0,0.0,0.0,0.0,0.0,0.0,0.0,0.0,0.0,0.0,0.0,0.0,0.0,0.0,0.0,0.0,0.0,0.0,0.0,0.0,0.0,0.0,2.9,2.9,2.9,2.9,2.9,2.9,0.0,0.0,0.0,0.0,0.0,0.0,0.0,0.0,0.0,0.0,0.0,0.0,0.0,0.0,0.0,0.0,0.0,0.0,0.0,0.0,0.0,0.0,0.0,0.0,0.0,0.0,0.0,0.0,0.0,0.0,0.0,0.0,0.0,0.0,0.0,0.0,0.0,0.0,0.0,0.0,0.0,0.0,0.0,0.0,0.0,0.0,0.0,0.0,0.0,0.0,0.0,0.0,0.0,0.0,0.0,0.0,0.0,0.0,0.0,0.0
Pressure (mb),1004.0,1004.0,1004.0,1004.0,1004.0,1004.0,1002.0,1002.0,1002.0,1002.0,1002.0,1002.0,1008.0,1008.0,1008.0,1008.0,1008.0,1008.0,1007.0,1007.0,1007.0,1007.0,1007.0,1007.0,1009.0,1009.0,1009.0,1009.0,1009.0,1009.0,1006.0,1006.0,1006.0,1006.0,1006.0,1006.0,1006.0,1006.0,1006.0,1006.0,1006.0,1006.0,1001.0,1001.0,1001.0,1001.0,1001.0,1001.0,1005.0,1005.0,1005.0,1005.0,1005.0,1005.0,1009.0,1009.0,1009.0,1009.0,1009.0,1009.0,1009.0,1009.0,1009.0,1009.0,1009.0,1009.0,1008.0,1008.0,1008.0,1008.0,1008.0,1008.0,1009.0,1009.0,1009.0,1009.0,1009.0,1009.0,1008.0,1008.0,1008.0,1008.0,1008.0,1008.0,1011.0,1011.0,1011.0,1011.0,1011.0,1011.0,1010.0,1010.0,1010.0,1010.0,1010.0,1010.0,1010.0,1010.0,1010.0,1010.0,1010.0,1010.0,1013.0,1013.0,1013.0,1013.0,1013.0,1013.0,1015.0,1015.0,1015.0,1015.0,1015.0,1015.0,1015.0,1015.0,1015.0,1015.0,1015.0,1015.0,1012.0,1012.0,1012.0,1012.0,1012.0,1012.0,1018.0,1018.0,1018.0,1018.0,1018.0,1018.0,1017.0,1017.0,1017.0,1017.0,1017.0,1017.0,1015.0,1015.0,1015.0,1015.0,1015.0,1015.0,1011.0,1011.0,1011.0,1011.0,1011.0,1011.0,1012.0,1012.0,1012.0,1012.0,1012.0,1012.0,1013.0,1013.0,1013.0,1013.0,1013.0,1013.0,1012.0,1012.0,1012.0,1012.0,1012.0,1012.0,1007.0,1007.0,1007.0,1007.0,1007.0,1007.0,1007.0,1007.0,1007.0,1007.0,1007.0,1007.0,1008.0,1008.0,1008.0,1008.0,1008.0,1008.0,1014.0,1014.0,1014.0,1014.0,1014.0,1014.0,1016.0,1016.0,1016.0,1016.0,1016.0,1016.0,1012.0,1012.0,1012.0,1012.0,1012.0,1012.0
Friday,0.0,0.0,0.0,0.0,0.0,0.0,0.0,0.0,0.0,0.0,0.0,0.0,0.0,0.0,0.0,0.0,0.0,0.0,0.0,0.0,0.0,0.0,0.0,0.0,0.0,0.0,0.0,0.0,0.0,0.0,0.0,0.0,0.0,0.0,0.0,0.0,1.0,1.0,1.0,1.0,1.0,1.0,0.0,0.0,0.0,0.0,0.0,0.0,0.0,0.0,0.0,0.0,0.0,0.0,0.0,0.0,0.0,0.0,0.0,0.0,0.0,0.0,0.0,0.0,0.0,0.0,1.0,1.0,1.0,1.0,1.0,1.0,0.0,0.0,0.0,0.0,0.0,0.0,0.0,0.0,0.0,0.0,0.0,0.0,0.0,0.0,0.0,0.0,0.0,0.0,0.0,0.0,0.0,0.0,0.0,0.0,0.0,0.0,0.0,0.0,0.0,0.0,0.0,0.0,0.0,0.0,0.0,0.0,0.0,0.0,0.0,0.0,0.0,0.0,0.0,0.0,0.0,0.0,0.0,0.0,1.0,1.0,1.0,1.0,1.0,1.0,0.0,0.0,0.0,0.0,0.0,0.0,0.0,0.0,0.0,0.0,0.0,0.0,0.0,0.0,0.0,0.0,0.0,0.0,0.0,0.0,0.0,0.0,0.0,0.0,1.0,1.0,1.0,1.0,1.0,1.0,0.0,0.0,0.0,0.0,0.0,0.0,0.0,0.0,0.0,0.0,0.0,0.0,0.0,0.0,0.0,0.0,0.0,0.0,0.0,0.0,0.0,0.0,0.0,0.0,1.0,1.0,1.0,1.0,1.0,1.0,0.0,0.0,0.0,0.0,0.0,0.0,0.0,0.0,0.0,0.0,0.0,0.0,0.0,0.0,0.0,0.0,0.0,0.0
Monday,1.0,1.0,1.0,1.0,1.0,1.0,0.0,0.0,0.0,0.0,0.0,0.0,0.0,0.0,0.0,0.0,0.0,0.0,0.0,0.0,0.0,0.0,0.0,0.0,0.0,0.0,0.0,0.0,0.0,0.0,0.0,0.0,0.0,0.0,0.0,0.0,0.0,0.0,0.0,0.0,0.0,0.0,1.0,1.0,1.0,1.0,1.0,1.0,0.0,0.0,0.0,0.0,0.0,0.0,0.0,0.0,0.0,0.0,0.0,0.0,0.0,0.0,0.0,0.0,0.0,0.0,0.0,0.0,0.0,0.0,0.0,0.0,1.0,1.0,1.0,1.0,1.0,1.0,0.0,0.0,0.0,0.0,0.0,0.0,0.0,0.0,0.0,0.0,0.0,0.0,0.0,0.0,0.0,0.0,0.0,0.0,1.0,1.0,1.0,1.0,1.0,1.0,0.0,0.0,0.0,0.0,0.0,0.0,0.0,0.0,0.0,0.0,0.0,0.0,0.0,0.0,0.0,0.0,0.0,0.0,0.0,0.0,0.0,0.0,0.0,0.0,1.0,1.0,1.0,1.0,1.0,1.0,0.0,0.0,0.0,0.0,0.0,0.0,0.0,0.0,0.0,0.0,0.0,0.0,0.0,0.0,0.0,0.0,0.0,0.0,0.0,0.0,0.0,0.0,0.0,0.0,1.0,1.0,1.0,1.0,1.0,1.0,0.0,0.0,0.0,0.0,0.0,0.0,0.0,0.0,0.0,0.0,0.0,0.0,0.0,0.0,0.0,0.0,0.0,0.0,0.0,0.0,0.0,0.0,0.0,0.0,1.0,1.0,1.0,1.0,1.0,1.0,0.0,0.0,0.0,0.0,0.0,0.0,0.0,0.0,0.0,0.0,0.0,0.0
Sunday,0.0,0.0,0.0,0.0,0.0,0.0,0.0,0.0,0.0,0.0,0.0,0.0,0.0,0.0,0.0,0.0,0.0,0.0,0.0,0.0,0.0,0.0,0.0,0.0,0.0,0.0,0.0,0.0,0.0,0.0,0.0,0.0,0.0,0.0,0.0,0.0,0.0,0.0,0.0,0.0,0.0,0.0,0.0,0.0,0.0,0.0,0.0,0.0,0.0,0.0,0.0,0.0,0.0,0.0,0.0,0.0,0.0,0.0,0.0,0.0,0.0,0.0,0.0,0.0,0.0,0.0,0.0,0.0,0.0,0.0,0.0,0.0,0.0,0.0,0.0,0.0,0.0,0.0,0.0,0.0,0.0,0.0,0.0,0.0,0.0,0.0,0.0,0.0,0.0,0.0,1.0,1.0,1.0,1.0,1.0,1.0,0.0,0.0,0.0,0.0,0.0,0.0,0.0,0.0,0.0,0.0,0.0,0.0,0.0,0.0,0.0,0.0,0.0,0.0,0.0,0.0,0.0,0.0,0.0,0.0,0.0,0.0,0.0,0.0,0.0,0.0,0.0,0.0,0.0,0.0,0.0,0.0,0.0,0.0,0.0,0.0,0.0,0.0,0.0,0.0,0.0,0.0,0.0,0.0,0.0,0.0,0.0,0.0,0.0,0.0,0.0,0.0,0.0,0.0,0.0,0.0,0.0,0.0,0.0,0.0,0.0,0.0,0.0,0.0,0.0,0.0,0.0,0.0,0.0,0.0,0.0,0.0,0.0,0.0,0.0,0.0,0.0,0.0,0.0,0.0,0.0,0.0,0.0,0.0,0.0,0.0,0.0,0.0,0.0,0.0,0.0,0.0,0.0,0.0,0.0,0.0,0.0,0.0,0.0,0.0,0.0,0.0,0.0,0.0
Thursday,0.0,0.0,0.0,0.0,0.0,0.0,0.0,0.0,0.0,0.0,0.0,0.0,0.0,0.0,0.0,0.0,0.0,0.0,1.0,1.0,1.0,1.0,1.0,1.0,0.0,0.0,0.0,0.0,0.0,0.0,1.0,1.0,1.0,1.0,1.0,1.0,0.0,0.0,0.0,0.0,0.0,0.0,0.0,0.0,0.0,0.0,0.0,0.0,0.0,0.0,0.0,0.0,0.0,0.0,0.0,0.0,0.0,0.0,0.0,0.0,1.0,1.0,1.0,1.0,1.0,1.0,0.0,0.0,0.0,0.0,0.0,0.0,0.0,0.0,0.0,0.0,0.0,0.0,0.0,0.0,0.0,0.0,0.0,0.0,0.0,0.0,0.0,0.0,0.0,0.0,0.0,0.0,0.0,0.0,0.0,0.0,0.0,0.0,0.0,0.0,0.0,0.0,0.0,0.0,0.0,0.0,0.0,0.0,0.0,0.0,0.0,0.0,0.0,0.0,1.0,1.0,1.0,1.0,1.0,1.0,0.0,0.0,0.0,0.0,0.0,0.0,0.0,0.0,0.0,0.0,0.0,0.0,0.0,0.0,0.0,0.0,0.0,0.0,0.0,0.0,0.0,0.0,0.0,0.0,1.0,1.0,1.0,1.0,1.0,1.0,0.0,0.0,0.0,0.0,0.0,0.0,0.0,0.0,0.0,0.0,0.0,0.0,0.0,0.0,0.0,0.0,0.0,0.0,0.0,0.0,0.0,0.0,0.0,0.0,1.0,1.0,1.0,1.0,1.0,1.0,0.0,0.0,0.0,0.0,0.0,0.0,0.0,0.0,0.0,0.0,0.0,0.0,0.0,0.0,0.0,0.0,0.0,0.0,0.0,0.0,0.0,0.0,0.0,0.0
Tuesday,0.0,0.0,0.0,0.0,0.0,0.0,1.0,1.0,1.0,1.0,1.0,1.0,0.0,0.0,0.0,0.0,0.0,0.0,0.0,0.0,0.0,0.0,0.0,0.0,0.0,0.0,0.0,0.0,0.0,0.0,0.0,0.0,0.0,0.0,0.0,0.0,0.0,0.0,0.0,0.0,0.0,0.0,0.0,0.0,0.0,0.0,0.0,0.0,1.0,1.0,1.0,1.0,1.0,1.0,0.0,0.0,0.0,0.0,0.0,0.0,0.0,0.0,0.0,0.0,0.0,0.0,0.0,0.0,0.0,0.0,0.0,0.0,0.0,0.0,0.0,0.0,0.0,0.0,1.0,1.0,1.0,1.0,1.0,1.0,0.0,0.0,0.0,0.0,0.0,0.0,0.0,0.0,0.0,0.0,0.0,0.0,0.0,0.0,0.0,0.0,0.0,0.0,1.0,1.0,1.0,1.0,1.0,1.0,0.0,0.0,0.0,0.0,0.0,0.0,0.0,0.0,0.0,0.0,0.0,0.0,0.0,0.0,0.0,0.0,0.0,0.0,0.0,0.0,0.0,0.0,0.0,0.0,1.0,1.0,1.0,1.0,1.0,1.0,0.0,0.0,0.0,0.0,0.0,0.0,0.0,0.0,0.0,0.0,0.0,0.0,0.0,0.0,0.0,0.0,0.0,0.0,0.0,0.0,0.0,0.0,0.0,0.0,1.0,1.0,1.0,1.0,1.0,1.0,0.0,0.0,0.0,0.0,0.0,0.0,0.0,0.0,0.0,0.0,0.0,0.0,0.0,0.0,0.0,0.0,0.0,0.0,0.0,0.0,0.0,0.0,0.0,0.0,1.0,1.0,1.0,1.0,1.0,1.0,0.0,0.0,0.0,0.0,0.0,0.0
Wednesday,0.0,0.0,0.0,0.0,0.0,0.0,0.0,0.0,0.0,0.0,0.0,0.0,1.0,1.0,1.0,1.0,1.0,1.0,0.0,0.0,0.0,0.0,0.0,0.0,1.0,1.0,1.0,1.0,1.0,1.0,0.0,0.0,0.0,0.0,0.0,0.0,0.0,0.0,0.0,0.0,0.0,0.0,0.0,0.0,0.0,0.0,0.0,0.0,0.0,0.0,0.0,0.0,0.0,0.0,1.0,1.0,1.0,1.0,1.0,1.0,0.0,0.0,0.0,0.0,0.0,0.0,0.0,0.0,0.0,0.0,0.0,0.0,0.0,0.0,0.0,0.0,0.0,0.0,0.0,0.0,0.0,0.0,0.0,0.0,1.0,1.0,1.0,1.0,1.0,1.0,0.0,0.0,0.0,0.0,0.0,0.0,0.0,0.0,0.0,0.0,0.0,0.0,0.0,0.0,0.0,0.0,0.0,0.0,1.0,1.0,1.0,1.0,1.0,1.0,0.0,0.0,0.0,0.0,0.0,0.0,0.0,0.0,0.0,0.0,0.0,0.0,0.0,0.0,0.0,0.0,0.0,0.0,0.0,0.0,0.0,0.0,0.0,0.0,1.0,1.0,1.0,1.0,1.0,1.0,0.0,0.0,0.0,0.0,0.0,0.0,0.0,0.0,0.0,0.0,0.0,0.0,0.0,0.0,0.0,0.0,0.0,0.0,0.0,0.0,0.0,0.0,0.0,0.0,1.0,1.0,1.0,1.0,1.0,1.0,0.0,0.0,0.0,0.0,0.0,0.0,0.0,0.0,0.0,0.0,0.0,0.0,0.0,0.0,0.0,0.0,0.0,0.0,0.0,0.0,0.0,0.0,0.0,0.0,1.0,1.0,1.0,1.0,1.0,1.0
